features_string,Churn_index,prediction
"(7,[0,1,2],[4.0,73.9000015258789,295.6000061035156])",1,1
"[71.0,109.69999694824219,7788.7001953125,1.0,1.0,0.0,0.0]",0,0
"[7.0,48.20000076293945,337.3999938964844,1.0,0.0,0.0,0.0]",0,0
"[72.0,101.30000305175781,7293.60009765625,1.0,0.0,0.0,0.0]",0,0
"[1.0,25.100000381469727,25.100000381469727,0.0,0.0,0.0,1.0]",1,0
"[3.0,19.850000381469727,59.54999923706055,1.0,0.0,0.0,0.0]",0,0
"[69.0,19.700000762939453,1359.300048828125,1.0,1.0,1.0,0.0]",0,0
"[43.0,25.100000381469727,1079.300048828125,1.0,0.0,1.0,0.0]",0,0
"[72.0,85.1500015258789,6130.7998046875,0.0,1.0,0.0,0.0]",0,0
"[14.0,51.45000076293945,720.2999877929688,1.0,0.0,0.0,0.0]",0,0
"[35.0,99.25,3473.75,1.0,0.0,0.0,0.0]",0,0
"(7,[0,1,2],[29.0,94.19999694824219,2731.800048828125])",0,0
"[39.0,99.94999694824219,3898.050048828125,1.0,1.0,1.0,0.0]",0,0
"[6.0,50.349998474121094,302.1000061035156,1.0,1.0,0.0,0.0]",0,0
"[69.0,116.0,8004.0,1.0,1.0,0.0,0.0]",0,0
"[33.0,107.55000305175781,3549.14990234375,1.0,0.0,0.0,0.0]",0,0
"(7,[0,1,2],[15.0,101.3499984741211,1520.25])",1,1
"[3.0,19.950000762939453,59.849998474121094,1.0,0.0,0.0,0.0]",0,0
"[6.0,84.3499984741211,506.1000061035156,1.0,1.0,0.0,0.0]",1,1
"(7,[0,1,2],[25.0,25.299999237060547,632.5])",1,0
"[46.0,19.25,885.5,1.0,1.0,1.0,0.0]",0,0
"[54.0,114.6500015258789,6191.10009765625,1.0,1.0,0.0,0.0]",0,0
"(7,[0,1,2],[4.0,75.3499984741211,301.3999938964844])",0,1
"(7,[0,1,2],[5.0,47.150001525878906,235.75])",1,0
"[72.0,109.9000015258789,7912.7998046875,1.0,0.0,0.0,0.0]",0,0
"[9.0,72.9000015258789,656.0999755859375,1.0,0.0,1.0,0.0]",1,0
"[16.0,100.69999694824219,1611.199951171875,1.0,1.0,1.0,0.0]",0,1
"[23.0,24.350000381469727,560.0499877929688,0.0,1.0,1.0,0.0]",0,0
"[8.0,54.400001525878906,435.20001220703125,0.0,1.0,1.0,0.0]",0,0
"[52.0,50.20000076293945,2610.39990234375,0.0,1.0,1.0,1.0]",0,0
"[11.0,36.04999923706055,396.54998779296875,1.0,0.0,1.0,1.0]",0,0
"[53.0,99.5,5273.5,1.0,0.0,0.0,0.0]",0,0
"[70.0,97.6500015258789,6835.5,1.0,1.0,0.0,0.0]",0,0
"[72.0,61.20000076293945,4406.39990234375,0.0,0.0,0.0,1.0]",0,0
"[46.0,108.9000015258789,5009.39990234375,1.0,1.0,0.0,0.0]",0,0
"(7,[0,1,2],[2.0,19.350000381469727,38.70000076293945])",0,0
"[67.0,81.3499984741211,5450.4501953125,0.0,1.0,1.0,0.0]",0,0
"[40.0,62.04999923706055,2482.0,0.0,0.0,0.0,1.0]",0,0
"[2.0,74.4000015258789,148.8000030517578,1.0,1.0,0.0,0.0]",1,1
"[72.0,105.0,7560.0,1.0,1.0,0.0,0.0]",0,0
"[23.0,55.29999923706055,1271.9000244140625,0.0,0.0,1.0,0.0]",0,0
"[59.0,93.8499984741211,5537.14990234375,0.0,1.0,0.0,0.0]",1,0
"(7,[0,1,2],[9.0,49.20000076293945,442.79998779296875])",0,0
"[22.0,87.0,1914.0,0.0,1.0,0.0,0.0]",0,0
"(7,[0,1,2],[15.0,49.0,735.0])",0,0
"[67.0,85.25,5711.75,1.0,0.0,0.0,0.0]",0,0
"[62.0,60.150001525878906,3729.300048828125,0.0,1.0,0.0,0.0]",0,0
"[63.0,83.5,5260.5,0.0,1.0,1.0,0.0]",0,0
"[52.0,25.600000381469727,1331.199951171875,0.0,0.0,1.0,0.0]",0,0
"[45.0,102.1500015258789,4596.75,1.0,0.0,0.0,0.0]",0,0
"[1.0,79.69999694824219,79.69999694824219,1.0,0.0,0.0,0.0]",1,1
"[24.0,74.4000015258789,1785.5999755859375,0.0,1.0,0.0,0.0]",0,0
"[46.0,20.200000762939453,929.2000122070312,0.0,1.0,1.0,0.0]",0,0
"[28.0,100.3499984741211,2809.800048828125,0.0,1.0,1.0,0.0]",0,0
"[24.0,79.8499984741211,1916.4000244140625,0.0,1.0,1.0,0.0]",0,0
"[72.0,74.55000305175781,5367.60009765625,1.0,1.0,1.0,0.0]",0,0
"(7,[0,1,2],[63.0,104.5,6583.5])",0,0
"[25.0,78.3499984741211,1958.75,1.0,0.0,0.0,0.0]",0,0
"[45.0,78.75,3543.75,0.0,1.0,1.0,0.0]",0,0
"[49.0,75.19999694824219,3684.800048828125,0.0,0.0,1.0,0.0]",1,0
"(7,[0,1,2],[65.0,93.55000305175781,6080.75])",0,0
"[1.0,48.45000076293945,48.45000076293945,1.0,0.0,0.0,0.0]",0,0
"[13.0,84.05000305175781,1092.6500244140625,0.0,1.0,1.0,0.0]",1,0
"[21.0,104.4000015258789,2192.39990234375,0.0,1.0,1.0,0.0]",1,1
"[48.0,60.599998474121094,2908.800048828125,1.0,1.0,0.0,0.0]",0,0
"[22.0,56.25,1237.5,0.0,1.0,0.0,0.0]",0,0
"[53.0,105.55000305175781,5594.14990234375,1.0,0.0,0.0,0.0]",0,0
"[52.0,85.80000305175781,4461.60009765625,1.0,1.0,1.0,0.0]",0,0
"(7,[0,1,2],[4.0,19.649999618530273,78.5999984741211])",0,0
"[40.0,105.94999694824219,4238.0,1.0,0.0,0.0,0.0]",0,0
"[57.0,58.75,3348.75,1.0,1.0,0.0,1.0]",0,0
"[70.0,75.5,5285.0,1.0,0.0,0.0,0.0]",0,0
"[12.0,61.650001525878906,739.7999877929688,1.0,0.0,0.0,0.0]",1,0
"[55.0,100.0,5500.0,1.0,0.0,0.0,0.0]",1,0
"(7,[0,1,2],[24.0,55.650001525878906,1335.5999755859375])",1,0
"[3.0,70.69999694824219,212.10000610351562,0.0,0.0,1.0,0.0]",0,0
"[72.0,99.1500015258789,7138.7998046875,0.0,1.0,0.0,0.0]",0,0
"(7,[0,1,2],[72.0,86.6500015258789,6238.7998046875])",0,0
"[64.0,86.80000305175781,5555.2001953125,1.0,1.0,1.0,0.0]",0,0
"[70.0,109.5,7665.0,0.0,1.0,0.0,0.0]",1,0
"(7,[0,1,2],[7.0,20.75,145.25])",0,0
"[4.0,19.899999618530273,79.5999984741211,0.0,1.0,1.0,0.0]",0,0
"(7,[0,1,2],[16.0,20.600000381469727,329.6000061035156])",0,0
"[52.0,74.0,3848.0,1.0,0.0,0.0,0.0]",0,0
"(7,[0,1,2],[1.0,75.5,75.5])",0,1
"[2.0,34.70000076293945,69.4000015258789,1.0,0.0,0.0,1.0]",1,1
"(7,[0,1,2],[47.0,86.94999694824219,4086.64990234375])",0,0
"[62.0,20.0,1240.0,0.0,0.0,1.0,0.0]",0,0
"[45.0,100.30000305175781,4513.5,1.0,0.0,0.0,0.0]",0,0
"[72.0,105.5999984741211,7603.2001953125,0.0,1.0,0.0,0.0]",0,0
"(7,[0,1,2],[6.0,60.900001525878906,365.3999938964844])",0,0
"(7,[0,1,2],[5.0,75.1500015258789,375.75])",0,1
"[64.0,104.05000305175781,6659.2001953125,0.0,1.0,0.0,0.0]",0,0
"[5.0,53.849998474121094,269.25,1.0,0.0,0.0,0.0]",1,0
"(7,[0,1,2],[17.0,65.75,1117.75])",0,0
"[4.0,101.1500015258789,404.6000061035156,0.0,1.0,1.0,0.0]",1,1
"[11.0,99.5,1094.5,1.0,1.0,0.0,0.0]",1,1
"(7,[0,1,2],[38.0,20.100000381469727,763.7999877929688])",0,0
"[3.0,83.75,251.25,1.0,0.0,0.0,0.0]",1,1
"[3.0,75.25,225.75,1.0,0.0,0.0,0.0]",1,1
"[4.0,29.899999618530273,119.5999984741211,0.0,1.0,0.0,1.0]",0,1
"(7,[0,1,2],[3.0,50.150001525878906,150.4499969482422])",0,0
"[35.0,100.25,3508.75,1.0,0.0,0.0,0.0]",1,0
"[47.0,85.30000305175781,4009.10009765625,1.0,1.0,1.0,0.0]",0,0
"[7.0,80.30000305175781,562.0999755859375,1.0,0.0,0.0,0.0]",1,1
"[54.0,94.0999984741211,5081.39990234375,1.0,0.0,0.0,0.0]",0,0
"(7,[0,1,2],[32.0,96.19999694824219,3078.39990234375])",1,0
"[69.0,99.44999694824219,6862.0498046875,0.0,1.0,1.0,0.0]",1,0
"[26.0,50.349998474121094,1309.0999755859375,0.0,1.0,1.0,0.0]",0,0
"[33.0,51.45000076293945,1697.8499755859375,1.0,1.0,0.0,0.0]",0,0
"[26.0,69.05000305175781,1795.300048828125,1.0,0.0,0.0,0.0]",0,0
"[72.0,80.44999694824219,5792.39990234375,1.0,1.0,1.0,0.0]",0,0
"[25.0,54.75,1368.75,1.0,0.0,1.0,0.0]",0,0
"(7,[0,1,2],[20.0,70.55000305175781,1411.0])",0,0
"[2.0,19.5,39.0,1.0,0.0,0.0,0.0]",0,0
"[72.0,108.6500015258789,7822.7998046875,1.0,1.0,1.0,0.0]",0,0
"[69.0,92.1500015258789,6358.35009765625,0.0,1.0,1.0,0.0]",0,0
"[59.0,20.350000381469727,1200.6500244140625,1.0,1.0,0.0,0.0]",0,0
"[63.0,80.0,5040.0,0.0,1.0,0.0,0.0]",0,0
"[69.0,105.0999984741211,7251.89990234375,1.0,1.0,1.0,0.0]",0,0
"(7,[0,1,2],[17.0,76.6500015258789,1303.050048828125])",1,0
"[61.0,101.05000305175781,6164.0498046875,1.0,1.0,0.0,0.0]",0,0
"[28.0,64.4000015258789,1803.199951171875,0.0,1.0,1.0,0.0]",0,0
"[49.0,43.79999923706055,2146.199951171875,1.0,0.0,0.0,0.0]",0,0
"[1.0,19.850000381469727,19.850000381469727,1.0,0.0,0.0,0.0]",0,0
"[67.0,108.75,7286.25,1.0,1.0,1.0,0.0]",1,0
"(7,[0,1,2],[38.0,70.5999984741211,2682.800048828125])",0,0
"[16.0,20.399999618530273,326.3999938964844,1.0,1.0,1.0,0.0]",0,0
"[72.0,19.549999237060547,1407.5999755859375,1.0,1.0,1.0,0.0]",0,0
"[69.0,85.4000015258789,5892.60009765625,1.0,1.0,0.0,0.0]",0,0
"[23.0,60.0,1380.0,1.0,1.0,0.0,0.0]",0,0
"[56.0,80.30000305175781,4496.7998046875,1.0,1.0,0.0,0.0]",0,0
"[4.0,48.25,193.0,1.0,0.0,0.0,1.0]",0,1
"[25.0,75.5,1887.5,0.0,1.0,1.0,0.0]",0,0
"[62.0,65.0999984741211,4036.199951171875,1.0,0.0,0.0,0.0]",0,0
"[20.0,20.049999237060547,401.0,0.0,1.0,1.0,0.0]",0,0
"(7,[0,1,2],[16.0,78.75,1260.0])",0,0
"[64.0,115.0,7360.0,1.0,1.0,0.0,0.0]",0,0
"[27.0,110.5,2983.5,1.0,0.0,0.0,0.0]",0,1
"(7,[0,1,2],[4.0,54.29999923706055,217.1999969482422])",1,0
"[44.0,20.0,880.0,0.0,1.0,1.0,0.0]",0,0
"(7,[0,1,2],[39.0,53.849998474121094,2100.14990234375])",0,0
"[4.0,88.8499984741211,355.3999938964844,1.0,0.0,0.0,0.0]",1,1
"[35.0,21.100000381469727,738.5,1.0,0.0,0.0,0.0]",0,0
"[68.0,107.1500015258789,7286.2001953125,0.0,1.0,1.0,0.0]",0,0
"[9.0,70.05000305175781,630.4500122070312,0.0,1.0,0.0,0.0]",0,1
"(7,[0,1,2],[42.0,79.3499984741211,3332.699951171875])",0,0
"[18.0,50.29999923706055,905.4000244140625,1.0,0.0,0.0,0.0]",0,0
"[72.0,101.3499984741211,7297.2001953125,1.0,1.0,0.0,0.0]",0,0
"[6.0,19.549999237060547,117.30000305175781,0.0,0.0,1.0,0.0]",0,0
"[61.0,94.1500015258789,5743.14990234375,0.0,1.0,0.0,0.0]",0,0
"[22.0,59.75,1314.5,0.0,1.0,0.0,0.0]",0,0
"[7.0,48.79999923706055,341.6000061035156,1.0,1.0,1.0,0.0]",0,0
"[48.0,24.350000381469727,1168.800048828125,1.0,0.0,0.0,0.0]",0,0
"[20.0,76.0,1520.0,1.0,1.0,1.0,0.0]",0,0
"[3.0,105.9000015258789,317.70001220703125,0.0,1.0,0.0,0.0]",1,1
"[33.0,20.100000381469727,663.2999877929688,1.0,1.0,1.0,0.0]",0,0
"[1.0,49.900001525878906,49.900001525878906,0.0,0.0,1.0,0.0]",0,0
"[1.0,89.30000305175781,89.30000305175781,1.0,0.0,0.0,0.0]",1,1
"[66.0,103.1500015258789,6807.89990234375,0.0,1.0,1.0,0.0]",0,0
"[70.0,115.6500015258789,8095.5,0.0,1.0,0.0,0.0]",1,0
"(7,[0,1,2],[3.0,19.799999237060547,59.400001525878906])",1,0
"[10.0,98.5,985.0,1.0,0.0,0.0,0.0]",1,1
"[72.0,106.0999984741211,7639.2001953125,0.0,1.0,1.0,0.0]",0,0
"[39.0,51.04999923706055,1990.949951171875,1.0,1.0,1.0,0.0]",0,0
"(7,[0,1,2],[1.0,89.0999984741211,89.0999984741211])",1,1
"[52.0,91.5999984741211,4763.2001953125,0.0,1.0,0.0,0.0]",0,0
"[70.0,59.5,4165.0,0.0,1.0,1.0,1.0]",0,0
"[36.0,94.69999694824219,3409.199951171875,0.0,0.0,1.0,0.0]",0,0
"[35.0,81.5999984741211,2856.0,0.0,1.0,0.0,0.0]",0,0
"(7,[0,1,2],[30.0,100.4000015258789,3012.0])",0,0
"[31.0,20.649999618530273,640.1500244140625,0.0,1.0,1.0,0.0]",0,0
"[58.0,106.44999694824219,6174.10009765625,1.0,0.0,0.0,0.0]",1,0
"[12.0,89.4000015258789,1072.800048828125,1.0,0.0,0.0,0.0]",1,1
"[9.0,74.6500015258789,671.8499755859375,1.0,0.0,0.0,0.0]",1,1
"[12.0,20.399999618530273,244.8000030517578,1.0,0.0,0.0,0.0]",0,0
"[61.0,106.19999694824219,6478.2001953125,0.0,1.0,0.0,0.0]",0,0
"[31.0,104.3499984741211,3234.85009765625,1.0,0.0,0.0,0.0]",0,0
"[70.0,114.19999694824219,7994.0,1.0,1.0,1.0,0.0]",1,0
"[4.0,84.05000305175781,336.20001220703125,1.0,0.0,1.0,0.0]",1,1
"(7,[0,1,2],[8.0,94.0,752.0])",1,1
"[5.0,78.75,393.75,0.0,1.0,0.0,0.0]",1,1
"(7,[0,1,2],[12.0,99.94999694824219,1199.4000244140625])",1,1
"[70.0,105.3499984741211,7374.5,0.0,1.0,0.0,0.0]",0,0
"[60.0,23.950000762939453,1437.0,0.0,1.0,1.0,0.0]",0,0
"[68.0,24.950000762939453,1696.5999755859375,1.0,1.0,0.0,0.0]",0,0
"[1.0,19.549999237060547,19.549999237060547,1.0,0.0,0.0,0.0]",0,0
"[68.0,83.0,5644.0,1.0,1.0,1.0,0.0]",1,0
"[20.0,94.55000305175781,1891.0,0.0,1.0,0.0,0.0]",1,1
"[68.0,91.69999694824219,6235.60009765625,1.0,1.0,0.0,0.0]",0,0
"[33.0,93.80000305175781,3095.39990234375,1.0,1.0,1.0,0.0]",1,0
"[53.0,19.899999618530273,1054.699951171875,0.0,1.0,0.0,0.0]",0,0
"[59.0,88.75,5236.25,1.0,1.0,1.0,0.0]",0,0
"[3.0,79.4000015258789,238.1999969482422,1.0,0.0,0.0,0.0]",1,1
"[70.0,108.1500015258789,7570.5,1.0,1.0,1.0,0.0]",0,0
"[12.0,19.799999237060547,237.60000610351562,0.0,1.0,0.0,0.0]",0,0
"(7,[0,1,2],[23.0,20.450000762939453,470.3500061035156])",0,0
"[40.0,93.4000015258789,3736.0,1.0,0.0,0.0,0.0]",0,0
"(7,[0,1,2],[42.0,19.799999237060547,831.5999755859375])",0,0
"[71.0,95.6500015258789,6791.14990234375,1.0,1.0,0.0,0.0]",0,0
"[19.0,66.4000015258789,1261.5999755859375,0.0,1.0,0.0,0.0]",0,0
"(7,[0,1,2],[61.0,107.75,6572.75])",0,0
"[17.0,69.0,1173.0,1.0,0.0,0.0,0.0]",0,0
"[9.0,80.8499984741211,727.6500244140625,1.0,0.0,0.0,0.0]",1,1
"[46.0,91.30000305175781,4199.7998046875,1.0,0.0,0.0,0.0]",0,0
"[47.0,70.55000305175781,3315.85009765625,1.0,1.0,1.0,0.0]",1,0
"[1.0,35.25,35.25,0.0,0.0,0.0,1.0]",1,1
"[34.0,24.700000762939453,839.7999877929688,1.0,1.0,0.0,0.0]",0,0
"[45.0,70.05000305175781,3152.25,1.0,0.0,0.0,0.0]",0,0
"[29.0,95.9000015258789,2781.10009765625,0.0,1.0,0.0,0.0]",1,0
"[72.0,109.94999694824219,7916.39990234375,0.0,1.0,0.0,0.0]",0,0
"[50.0,103.69999694824219,5185.0,0.0,1.0,1.0,0.0]",1,0
"(7,[0,1,2],[1.0,50.150001525878906,50.150001525878906])",0,0
"[64.0,24.799999237060547,1587.199951171875,0.0,1.0,1.0,0.0]",0,0
"(7,[0,1,2],[22.0,65.05000305175781,1431.0999755859375])",0,0
"[31.0,93.80000305175781,2907.800048828125,0.0,1.0,0.0,0.0]",0,0
"[71.0,66.80000305175781,4742.7998046875,1.0,1.0,0.0,1.0]",0,0
"[1.0,74.5999984741211,74.5999984741211,0.0,1.0,1.0,0.0]",0,1
"[11.0,74.3499984741211,817.8499755859375,0.0,1.0,1.0,0.0]",1,0
"[12.0,80.8499984741211,970.2000122070312,0.0,1.0,0.0,0.0]",1,1
"[29.0,20.350000381469727,590.1500244140625,1.0,0.0,0.0,0.0]",0,0
"[2.0,104.4000015258789,208.8000030517578,1.0,1.0,0.0,0.0]",1,1
"(7,[0,1,2],[8.0,66.69999694824219,533.5999755859375])",0,0
"[1.0,70.5,70.5,1.0,0.0,0.0,0.0]",1,1
"[41.0,68.5999984741211,2812.60009765625,1.0,0.0,0.0,0.0]",0,0
"(7,[0,1,2],[1.0,20.149999618530273,20.149999618530273])",1,0
"(7,[0,1,2],[20.0,19.700000762939453,394.0])",0,0
"[1.0,73.0,73.0,1.0,0.0,0.0,0.0]",1,1
"[3.0,75.05000305175781,225.14999389648438,1.0,0.0,0.0,0.0]",1,1
"[2.0,79.75,159.5,1.0,0.0,0.0,0.0]",1,1
"[9.0,19.049999237060547,171.4499969482422,1.0,0.0,0.0,0.0]",0,0
"[1.0,20.5,20.5,1.0,0.0,0.0,0.0]",1,0
"[8.0,19.049999237060547,152.39999389648438,1.0,1.0,1.0,0.0]",0,0
"[1.0,84.30000305175781,84.30000305175781,1.0,0.0,0.0,0.0]",1,1
"(7,[0,1,2],[24.0,102.94999694824219,2470.800048828125])",1,1
"[48.0,103.8499984741211,4984.7998046875,1.0,0.0,0.0,0.0]",0,0
"(7,[0,1,2],[4.0,86.05000305175781,344.20001220703125])",0,1
"[65.0,84.19999694824219,5473.0,0.0,1.0,1.0,0.0]",0,0
"[1.0,55.70000076293945,55.70000076293945,0.0,1.0,0.0,0.0]",0,1
"[1.0,35.900001525878906,35.900001525878906,1.0,0.0,0.0,1.0]",0,1
"[7.0,76.44999694824219,535.1500244140625,1.0,0.0,0.0,0.0]",1,1
"[23.0,79.3499984741211,1825.050048828125,1.0,0.0,0.0,0.0]",0,0
"[41.0,35.45000076293945,1453.449951171875,1.0,1.0,0.0,1.0]",0,0
"[55.0,19.350000381469727,1064.25,0.0,1.0,1.0,0.0]",0,0
"(7,[0,1,2],[1.0,20.25,20.25])",0,0
"[30.0,104.0999984741211,3123.0,1.0,0.0,0.0,0.0]",0,1
"[25.0,55.54999923706055,1388.75,0.0,1.0,0.0,0.0]",0,0
"(7,[0,1,2],[1.0,21.100000381469727,21.100000381469727])",0,0
"[14.0,89.80000305175781,1257.199951171875,1.0,0.0,0.0,0.0]",1,1
"(7,[0,1,2],[25.0,20.149999618530273,503.75])",0,0
"[67.0,25.25,1691.75,1.0,1.0,0.0,0.0]",0,0
"[50.0,108.75,5437.5,1.0,1.0,0.0,0.0]",0,0
"[37.0,99.19999694824219,3670.39990234375,1.0,1.0,0.0,0.0]",1,0
"[46.0,105.19999694824219,4839.2001953125,1.0,0.0,1.0,0.0]",1,0
"[34.0,55.0,1870.0,1.0,0.0,0.0,0.0]",0,0
"[72.0,111.94999694824219,8060.39990234375,0.0,1.0,1.0,0.0]",0,0
"(7,[0,1,2],[1.0,84.8499984741211,84.8499984741211])",1,1
"[34.0,60.849998474121094,2068.89990234375,1.0,1.0,0.0,0.0]",0,0
"[1.0,25.25,25.25,1.0,0.0,0.0,1.0]",0,0
"[27.0,45.849998474121094,1237.949951171875,0.0,1.0,1.0,1.0]",0,0
"[1.0,20.399999618530273,20.399999618530273,0.0,1.0,1.0,0.0]",0,0
"[31.0,80.55000305175781,2497.050048828125,1.0,1.0,1.0,0.0]",0,0
"(7,[0,1,2],[61.0,104.0,6344.0])",0,0
"[68.0,72.94999694824219,4960.60009765625,0.0,1.0,1.0,0.0]",0,0
"[1.0,70.0999984741211,70.0999984741211,1.0,0.0,0.0,0.0]",0,1
"[50.0,94.4000015258789,4720.0,0.0,1.0,0.0,0.0]",0,0
"[72.0,110.75,7974.0,1.0,1.0,0.0,0.0]",0,0
"[60.0,99.0,5940.0,0.0,1.0,0.0,0.0]",0,0
"[49.0,99.25,4863.25,0.0,1.0,0.0,0.0]",0,0
"[16.0,89.44999694824219,1431.199951171875,1.0,1.0,1.0,0.0]",1,0
"[12.0,33.150001525878906,397.79998779296875,1.0,1.0,1.0,1.0]",0,0
"[1.0,19.899999618530273,19.899999618530273,1.0,1.0,1.0,0.0]",1,0
"[38.0,80.30000305175781,3051.39990234375,1.0,1.0,1.0,0.0]",1,0
"[67.0,111.05000305175781,7440.35009765625,0.0,1.0,0.0,0.0]",0,0
"[3.0,74.55000305175781,223.64999389648438,1.0,0.0,0.0,0.0]",0,1
"[57.0,70.0999984741211,3995.699951171875,1.0,1.0,1.0,0.0]",1,0
"(7,[0,1,2],[18.0,20.049999237060547,360.8999938964844])",0,0
"(7,[0,1,2],[27.0,20.350000381469727,549.4500122070312])",0,0
"[35.0,24.149999618530273,845.25,1.0,0.0,0.0,1.0]",0,0
"[44.0,61.5,2706.0,1.0,1.0,0.0,0.0]",0,0
"[39.0,104.69999694824219,4083.300048828125,1.0,1.0,0.0,0.0]",1,0
"[65.0,104.25,6776.25,0.0,1.0,0.0,0.0]",0,0
"[40.0,36.0,1440.0,0.0,0.0,0.0,1.0]",0,0
"[46.0,70.5999984741211,3247.60009765625,1.0,1.0,0.0,0.0]",0,0
"(7,[0,1,2],[1.0,53.5,53.5])",1,0
"[50.0,69.6500015258789,3482.5,0.0,1.0,1.0,0.0]",0,0
"[3.0,20.0,60.0,1.0,0.0,0.0,0.0]",0,0
"[59.0,110.1500015258789,6498.85009765625,0.0,1.0,0.0,0.0]",1,0
"(7,[0,1,2],[10.0,19.75,197.5])",0,0
"(7,[0,1,2],[22.0,54.45000076293945,1197.9000244140625])",1,0
"[11.0,53.79999923706055,591.7999877929688,1.0,0.0,0.0,0.0]",0,0
"(7,[0,1,2],[67.0,64.55000305175781,4324.85009765625])",0,0
"[40.0,55.79999923706055,2232.0,1.0,0.0,0.0,1.0]",1,0
"[72.0,111.6500015258789,8038.7998046875,1.0,0.0,0.0,0.0]",0,0
"[6.0,91.0,546.0,0.0,1.0,0.0,0.0]",1,1
"[59.0,44.29999923706055,2613.699951171875,0.0,1.0,0.0,1.0]",0,0
"[32.0,73.5999984741211,2355.199951171875,1.0,1.0,1.0,0.0]",0,0
"[34.0,64.19999694824219,2182.800048828125,1.0,1.0,0.0,0.0]",0,0
"[71.0,93.69999694824219,6652.7001953125,1.0,1.0,0.0,0.0]",1,0
"[61.0,94.0999984741211,5740.10009765625,0.0,1.0,0.0,0.0]",1,0
"[15.0,30.200000762939453,453.0,0.0,1.0,1.0,1.0]",0,0
"[2.0,84.05000305175781,168.10000610351562,1.0,0.0,0.0,0.0]",0,1
"[72.0,23.299999237060547,1677.5999755859375,1.0,1.0,1.0,0.0]",0,0
"(7,[0,1,2],[68.0,24.149999618530273,1642.199951171875])",0,0
"[59.0,65.5,3864.5,1.0,1.0,1.0,0.0]",0,0
"[14.0,44.599998474121094,624.4000244140625,0.0,1.0,0.0,0.0]",0,0
"[72.0,19.799999237060547,1425.5999755859375,0.0,1.0,1.0,0.0]",0,0
"[71.0,107.5,7632.5,0.0,1.0,0.0,0.0]",0,0
"[51.0,49.650001525878906,2532.14990234375,1.0,1.0,0.0,1.0]",0,0
"[67.0,19.399999618530273,1299.800048828125,0.0,1.0,1.0,0.0]",0,0
"[68.0,111.75,7599.0,1.0,1.0,1.0,0.0]",0,0
"[1.0,69.5999984741211,69.5999984741211,1.0,0.0,0.0,0.0]",1,1
"[71.0,56.45000076293945,4007.949951171875,0.0,0.0,0.0,1.0]",0,0
"(7,[0,1,2],[2.0,19.649999618530273,39.29999923706055])",0,0
"[36.0,20.25,729.0,1.0,1.0,1.0,0.0]",0,0
"[15.0,74.44999694824219,1116.75,1.0,0.0,0.0,0.0]",1,0
"[4.0,100.19999694824219,400.79998779296875,0.0,1.0,0.0,0.0]",1,1
"[72.0,104.9000015258789,7552.7998046875,0.0,1.0,1.0,0.0]",0,0
"(7,[0,1,2],[1.0,20.450000762939453,20.450000762939453])",0,0
"[41.0,81.30000305175781,3333.300048828125,1.0,0.0,0.0,0.0]",0,0
"[7.0,19.899999618530273,139.3000030517578,1.0,0.0,0.0,0.0]",0,0
"(7,[0,1,2],[49.0,66.1500015258789,3241.35009765625])",0,0
"[61.0,33.599998474121094,2049.60009765625,0.0,1.0,1.0,1.0]",0,0
"(7,[0,1,2],[29.0,101.44999694824219,2942.050048828125])",0,0
"[1.0,25.75,25.75,1.0,0.0,0.0,0.0]",0,0
"(7,[0,1,2],[11.0,73.8499984741211,812.3499755859375])",1,1
"[68.0,25.049999237060547,1703.4000244140625,0.0,1.0,0.0,0.0]",0,0
"[3.0,71.0999984741211,213.3000030517578,1.0,0.0,0.0,0.0]",0,1
"[8.0,20.049999237060547,160.39999389648438,1.0,0.0,1.0,0.0]",0,0
"[39.0,54.849998474121094,2139.14990234375,0.0,0.0,1.0,1.0]",0,0
"[5.0,20.5,102.5,1.0,0.0,0.0,0.0]",0,0
"[5.0,20.350000381469727,101.75,0.0,0.0,1.0,0.0]",0,0
"[63.0,99.9000015258789,6293.7001953125,1.0,0.0,0.0,0.0]",1,0
"[47.0,103.69999694824219,4873.89990234375,1.0,0.0,0.0,0.0]",0,0
"(7,[0,1,2],[35.0,89.19999694824219,3122.0])",0,0
"[8.0,43.349998474121094,346.79998779296875,0.0,1.0,0.0,1.0]",0,1
"[24.0,29.100000381469727,698.4000244140625,0.0,1.0,0.0,1.0]",0,0
"[50.0,104.94999694824219,5247.5,1.0,0.0,0.0,0.0]",0,0
"(7,[0,1,2],[3.0,80.3499984741211,241.0500030517578])",0,1
"[71.0,85.44999694824219,6066.9501953125,0.0,0.0,1.0,0.0]",0,0
"[46.0,19.950000762939453,917.7000122070312,1.0,1.0,1.0,0.0]",0,0
"(7,[0,1,2],[24.0,54.95000076293945,1318.800048828125])",0,0
"[56.0,99.75,5586.0,1.0,1.0,1.0,0.0]",0,0
"[16.0,50.150001525878906,802.4000244140625,1.0,0.0,0.0,0.0]",1,0
"[28.0,19.899999618530273,557.2000122070312,1.0,1.0,1.0,0.0]",0,0
"[18.0,95.05000305175781,1710.9000244140625,1.0,0.0,0.0,0.0]",0,1
"[7.0,29.799999237060547,208.60000610351562,0.0,1.0,0.0,1.0]",0,0
"(7,[0,1,2],[29.0,19.799999237060547,574.2000122070312])",0,0
"[2.0,19.899999618530273,39.79999923706055,1.0,0.0,0.0,0.0]",0,0
"(7,[0,1,2],[71.0,108.05000305175781,7671.5498046875])",1,0
"[72.0,19.399999618530273,1396.800048828125,0.0,1.0,1.0,0.0]",0,0
"[27.0,56.150001525878906,1516.050048828125,1.0,0.0,0.0,0.0]",0,0
"[1.0,24.700000762939453,24.700000762939453,0.0,0.0,1.0,1.0]",0,0
"(7,[0,1,2],[1.0,80.5,80.5])",1,1
"[68.0,83.6500015258789,5688.2001953125,1.0,1.0,1.0,0.0]",0,0
"[13.0,85.94999694824219,1117.3499755859375,1.0,0.0,0.0,0.0]",0,1
"[35.0,19.899999618530273,696.5,0.0,1.0,1.0,0.0]",0,0
"[69.0,75.75,5226.75,0.0,1.0,1.0,0.0]",0,0
"[18.0,19.350000381469727,348.29998779296875,1.0,1.0,1.0,0.0]",0,0
"[25.0,34.0,850.0,1.0,1.0,0.0,1.0]",1,0
"[56.0,98.25,5502.0,1.0,1.0,0.0,0.0]",1,0
"[17.0,80.8499984741211,1374.449951171875,0.0,1.0,1.0,0.0]",1,0
"[62.0,84.44999694824219,5235.89990234375,1.0,0.0,0.0,0.0]",0,0
"(7,[0,1,2],[24.0,85.94999694824219,2062.800048828125])",0,0
"[57.0,94.69999694824219,5397.89990234375,1.0,0.0,0.0,0.0]",0,0
"[17.0,94.4000015258789,1604.800048828125,1.0,1.0,1.0,0.0]",1,0
"[11.0,94.0,1034.0,1.0,1.0,0.0,0.0]",1,1
"[2.0,73.55000305175781,147.10000610351562,1.0,1.0,1.0,0.0]",1,1
"[23.0,93.5,2150.5,1.0,0.0,0.0,0.0]",0,1
"[70.0,90.8499984741211,6359.5,1.0,1.0,0.0,0.0]",0,0
"[6.0,89.5,537.0,1.0,0.0,0.0,0.0]",1,1
"[32.0,104.9000015258789,3356.800048828125,0.0,1.0,0.0,0.0]",1,1
"(7,[0,1,2],[8.0,74.8499984741211,598.7999877929688])",0,1
"(7,[0,1,2],[3.0,60.650001525878906,181.9499969482422])",0,1
"[3.0,34.79999923706055,104.4000015258789,1.0,0.0,0.0,1.0]",0,1
"[9.0,24.600000381469727,221.39999389648438,0.0,0.0,0.0,1.0]",0,0
"[13.0,25.149999618530273,326.95001220703125,0.0,0.0,0.0,1.0]",0,0
"[1.0,25.850000381469727,25.850000381469727,1.0,0.0,0.0,1.0]",0,0
"[23.0,20.399999618530273,469.20001220703125,1.0,1.0,1.0,0.0]",0,0
"[13.0,19.75,256.75,1.0,1.0,1.0,0.0]",0,0
"[23.0,77.1500015258789,1774.449951171875,1.0,1.0,1.0,0.0]",0,0
"[1.0,35.45000076293945,35.45000076293945,0.0,0.0,0.0,1.0]",1,1
"[27.0,104.30000305175781,2816.10009765625,1.0,1.0,0.0,0.0]",1,1
"[51.0,79.1500015258789,4036.64990234375,1.0,1.0,1.0,0.0]",0,0
"[19.0,25.600000381469727,486.3999938964844,1.0,1.0,1.0,0.0]",0,0
"[14.0,19.549999237060547,273.70001220703125,1.0,1.0,1.0,0.0]",0,0
"[57.0,44.849998474121094,2556.449951171875,0.0,1.0,0.0,1.0]",1,0
"[72.0,97.75,7038.0,0.0,1.0,1.0,0.0]",0,0
"(7,[0,1,2],[56.0,94.44999694824219,5289.2001953125])",1,0
"[13.0,88.3499984741211,1148.550048828125,1.0,1.0,1.0,0.0]",1,0
"[1.0,45.849998474121094,45.849998474121094,0.0,1.0,1.0,0.0]",1,0
"[60.0,104.94999694824219,6297.0,1.0,0.0,0.0,0.0]",0,0
"[35.0,109.94999694824219,3848.25,0.0,1.0,1.0,0.0]",0,0
"[49.0,100.5999984741211,4929.39990234375,0.0,0.0,1.0,0.0]",1,0
"(7,[0,1,2],[65.0,105.0999984741211,6831.5])",0,0
"(7,[0,1,2],[52.0,21.0,1092.0])",0,0
"(7,[0,1,2],[26.0,83.94999694824219,2182.699951171875])",1,0
"[8.0,74.5,596.0,0.0,1.0,0.0,0.0]",1,1
"[51.0,29.450000762939453,1501.949951171875,0.0,1.0,0.0,1.0]",0,0
"[71.0,106.0,7526.0,0.0,1.0,1.0,0.0]",1,0
"(7,[0,1,2],[39.0,95.6500015258789,3730.35009765625])",1,0
"[71.0,19.450000762939453,1380.949951171875,0.0,1.0,1.0,0.0]",0,0
"[34.0,19.600000381469727,666.4000244140625,0.0,1.0,1.0,0.0]",0,0
"(7,[0,1,2],[11.0,111.4000015258789,1225.4000244140625])",0,1
"(7,[0,1,2],[69.0,19.299999237060547,1331.699951171875])",0,0
"[32.0,98.8499984741211,3163.199951171875,0.0,1.0,0.0,0.0]",0,0
"[14.0,78.0999984741211,1093.4000244140625,1.0,1.0,0.0,0.0]",0,1
"(7,[0,1,2],[35.0,95.44999694824219,3340.75])",1,0
"[18.0,48.349998474121094,870.2999877929688,1.0,1.0,0.0,1.0]",1,0
"[59.0,99.5,5870.5,1.0,0.0,0.0,0.0]",0,0
"(7,[0,1,2],[40.0,102.6500015258789,4106.0])",0,0
"[17.0,83.55000305175781,1420.3499755859375,1.0,0.0,0.0,0.0]",0,0
"[30.0,85.44999694824219,2563.5,0.0,1.0,1.0,0.0]",0,0
"[1.0,19.200000762939453,19.200000762939453,0.0,1.0,1.0,0.0]",0,0
"[13.0,89.4000015258789,1162.199951171875,1.0,0.0,0.0,0.0]",1,1
"[13.0,18.799999237060547,244.39999389648438,1.0,1.0,1.0,0.0]",0,0
"[40.0,50.150001525878906,2006.0,0.0,1.0,0.0,0.0]",0,0
"[31.0,79.19999694824219,2455.199951171875,1.0,0.0,0.0,0.0]",0,0
"[3.0,74.5999984741211,223.8000030517578,1.0,1.0,0.0,0.0]",0,1
"(7,[0,1,2],[1.0,45.25,45.25])",0,0
"(7,[0,1,2],[2.0,79.44999694824219,158.89999389648438])",0,1
"[1.0,71.0,71.0,0.0,1.0,1.0,0.0]",1,1
"[58.0,108.8499984741211,6313.2998046875,0.0,1.0,0.0,0.0]",1,0
"[6.0,99.94999694824219,599.7000122070312,1.0,0.0,0.0,0.0]",1,1
"[43.0,60.400001525878906,2597.199951171875,1.0,1.0,1.0,1.0]",0,0
"[4.0,55.5,222.0,1.0,0.0,0.0,0.0]",0,0
"[25.0,20.950000762939453,523.75,0.0,1.0,0.0,0.0]",0,0
"[19.0,94.94999694824219,1804.050048828125,1.0,1.0,0.0,0.0]",0,1
"(7,[0,1,2],[49.0,74.5999984741211,3655.39990234375])",0,0
"(7,[0,1,2],[68.0,20.0,1360.0])",0,0
"[58.0,20.299999237060547,1177.4000244140625,1.0,1.0,1.0,0.0]",0,0
"[24.0,24.200000762939453,580.7999877929688,0.0,1.0,1.0,0.0]",0,0
"[15.0,69.5,1042.5,0.0,1.0,1.0,0.0]",0,0
"[10.0,70.30000305175781,703.0,1.0,1.0,1.0,0.0]",0,0
"[40.0,25.25,1010.0,0.0,1.0,1.0,0.0]",0,0
"[70.0,79.69999694824219,5579.0,1.0,1.0,1.0,0.0]",0,0
"[70.0,74.0999984741211,5187.0,1.0,1.0,1.0,0.0]",0,0
"[2.0,84.05000305175781,168.10000610351562,1.0,1.0,0.0,0.0]",0,1
"[60.0,19.950000762939453,1197.0,0.0,0.0,1.0,0.0]",0,0
"(7,[0,1,2],[24.0,70.0,1680.0])",0,0
"[72.0,112.5999984741211,8107.2001953125,0.0,1.0,1.0,0.0]",0,0
"(7,[0,1,2],[34.0,26.100000381469727,887.4000244140625])",0,0
"[37.0,64.75,2395.75,1.0,0.0,0.0,0.0]",1,0
"[63.0,104.80000305175781,6602.39990234375,0.0,1.0,1.0,0.0]",0,0
"[47.0,74.05000305175781,3480.35009765625,1.0,0.0,0.0,0.0]",0,0
"[24.0,84.3499984741211,2024.4000244140625,1.0,0.0,0.0,0.0]",0,0
"[72.0,90.94999694824219,6548.39990234375,1.0,1.0,1.0,0.0]",0,0
"[66.0,75.0999984741211,4956.60009765625,0.0,1.0,1.0,0.0]",0,0
"[46.0,84.80000305175781,3900.800048828125,1.0,0.0,1.0,0.0]",0,0
"[61.0,24.200000762939453,1476.199951171875,1.0,1.0,1.0,0.0]",0,0
"[2.0,20.450000762939453,40.900001525878906,1.0,0.0,0.0,0.0]",0,0
"[35.0,85.94999694824219,3008.25,1.0,0.0,0.0,0.0]",1,0
"[71.0,24.450000762939453,1735.949951171875,1.0,1.0,0.0,0.0]",0,0
"[66.0,109.25,7210.5,1.0,1.0,1.0,0.0]",0,0
"[9.0,71.0,639.0,1.0,0.0,0.0,0.0]",1,1
"[31.0,89.9000015258789,2786.89990234375,1.0,0.0,0.0,0.0]",1,0
"(7,[0,1,2],[72.0,88.5999984741211,6379.2001953125])",0,0
"[43.0,19.200000762939453,825.5999755859375,0.0,1.0,1.0,0.0]",0,0
"[61.0,88.6500015258789,5407.64990234375,1.0,0.0,0.0,0.0]",0,0
"[54.0,20.5,1107.0,1.0,0.0,0.0,0.0]",0,0
"(7,[0,1,2],[2.0,53.849998474121094,107.69999694824219])",1,0
"[2.0,30.399999618530273,60.79999923706055,1.0,0.0,0.0,1.0]",1,1
"[10.0,24.399999618530273,244.0,0.0,1.0,1.0,0.0]",0,0
"[29.0,31.200000762939453,904.7999877929688,1.0,0.0,0.0,1.0]",0,0
"[5.0,19.649999618530273,98.25,1.0,0.0,0.0,0.0]",0,0
"[68.0,25.5,1734.0,1.0,0.0,0.0,0.0]",0,0
"(7,[0,1,2],[1.0,69.0999984741211,69.0999984741211])",1,1
"(7,[0,1,2],[1.0,19.75,19.75])",0,0
"[51.0,83.8499984741211,4276.35009765625,0.0,1.0,0.0,0.0]",0,0
"[2.0,70.94999694824219,141.89999389648438,1.0,0.0,0.0,0.0]",1,1
"(7,[0,1,2],[1.0,88.3499984741211,88.3499984741211])",1,1
"(7,[0,1,2],[24.0,54.79999923706055,1315.199951171875])",0,0
"[6.0,19.549999237060547,117.30000305175781,0.0,1.0,1.0,0.0]",0,0
"(7,[0,1,2],[35.0,61.20000076293945,2142.0])",0,0
"[11.0,96.19999694824219,1058.199951171875,1.0,1.0,0.0,0.0]",1,1
"(7,[0,1,2],[21.0,82.3499984741211,1729.3499755859375])",1,0
"[66.0,54.650001525878906,3606.89990234375,0.0,1.0,1.0,1.0]",0,0
"[1.0,35.04999923706055,35.04999923706055,1.0,0.0,0.0,1.0]",1,1
"[13.0,20.450000762939453,265.8500061035156,1.0,1.0,1.0,0.0]",0,0
"[16.0,71.80000305175781,1148.800048828125,0.0,1.0,0.0,0.0]",1,0
"[66.0,104.05000305175781,6867.2998046875,0.0,1.0,0.0,0.0]",1,0
"[67.0,24.850000381469727,1664.949951171875,0.0,1.0,0.0,0.0]",0,0
"[33.0,20.100000381469727,663.2999877929688,1.0,1.0,1.0,0.0]",0,0
"[64.0,20.200000762939453,1292.800048828125,1.0,1.0,1.0,0.0]",0,0
"[1.0,36.45000076293945,36.45000076293945,1.0,0.0,0.0,1.0]",1,1
"[71.0,93.19999694824219,6617.2001953125,1.0,1.0,0.0,0.0]",0,0
"[8.0,68.55000305175781,548.4000244140625,1.0,1.0,1.0,0.0]",0,0
"(7,[0,1,2],[53.0,24.600000381469727,1303.800048828125])",0,0
"[63.0,75.55000305175781,4759.64990234375,1.0,1.0,1.0,0.0]",0,0
"[1.0,23.450000762939453,23.450000762939453,0.0,1.0,0.0,1.0]",1,1
"[2.0,43.95000076293945,87.9000015258789,1.0,0.0,0.0,0.0]",0,0
"[1.0,20.549999237060547,20.549999237060547,1.0,1.0,1.0,0.0]",1,0
"[4.0,33.650001525878906,134.60000610351562,1.0,0.0,0.0,1.0]",1,1
"[20.0,44.349998474121094,887.0,1.0,0.0,0.0,0.0]",0,0
"[72.0,117.5999984741211,8467.2001953125,1.0,1.0,1.0,0.0]",0,0
"[31.0,79.8499984741211,2475.35009765625,1.0,0.0,0.0,0.0]",1,0
"[71.0,66.19999694824219,4700.2001953125,0.0,1.0,1.0,0.0]",0,0
"[40.0,105.75,4230.0,1.0,1.0,0.0,0.0]",0,0
"[72.0,106.0999984741211,7639.2001953125,0.0,1.0,1.0,0.0]",0,0
"[2.0,70.75,141.5,1.0,0.0,0.0,0.0]",1,1
"(7,[0,1,2],[1.0,69.0999984741211,69.0999984741211])",1,1
"[67.0,25.600000381469727,1715.199951171875,0.0,1.0,0.0,0.0]",0,0
"[72.0,109.25,7866.0,1.0,1.0,0.0,0.0]",1,0
"[1.0,59.20000076293945,59.20000076293945,1.0,0.0,1.0,0.0]",1,0
"[64.0,25.549999237060547,1635.199951171875,1.0,1.0,0.0,0.0]",0,0
"[50.0,71.05000305175781,3552.5,1.0,1.0,0.0,0.0]",1,0
"(7,[0,1,2],[2.0,19.75,39.5])",0,0
"(7,[0,1,2],[24.0,49.54999923706055,1189.199951171875])",1,0
"[57.0,59.599998474121094,3397.199951171875,0.0,1.0,1.0,0.0]",0,0
"[34.0,24.950000762939453,848.2999877929688,1.0,1.0,1.0,0.0]",0,0
"[72.0,116.44999694824219,8384.400390625,1.0,0.0,0.0,0.0]",0,0
"[5.0,20.149999618530273,100.75,1.0,0.0,0.0,0.0]",0,0
"[42.0,50.25,2110.5,1.0,1.0,0.0,0.0]",1,0
"(7,[0,1,2],[26.0,19.399999618530273,504.3999938964844])",0,0
"[1.0,91.30000305175781,91.30000305175781,1.0,0.0,0.0,0.0]",1,1
"[25.0,99.5,2487.5,1.0,0.0,0.0,0.0]",1,1
"(7,[0,1,2],[19.0,78.25,1486.75])",1,0
"[6.0,19.850000381469727,119.0999984741211,0.0,1.0,1.0,0.0]",0,0
"[29.0,98.5,2856.5,0.0,1.0,0.0,0.0]",1,0
"(7,[0,1,2],[3.0,45.45000076293945,136.35000610351562])",0,0
"[51.0,93.5,4768.5,1.0,1.0,0.0,0.0]",0,0
"[11.0,100.75,1108.25,1.0,0.0,0.0,0.0]",1,1
"(7,[0,1,2],[16.0,20.0,320.0])",0,0
"[72.0,65.55000305175781,4719.60009765625,0.0,0.0,0.0,1.0]",0,0
"[71.0,19.700000762939453,1398.699951171875,0.0,1.0,1.0,0.0]",0,0
"[48.0,78.75,3780.0,0.0,0.0,1.0,0.0]",0,0
"[24.0,53.599998474121094,1286.4000244140625,0.0,1.0,0.0,0.0]",0,0
"[1.0,69.55000305175781,69.55000305175781,1.0,0.0,0.0,0.0]",1,1
"(7,[0,1,2],[10.0,89.5,895.0])",1,1
"[56.0,68.75,3850.0,1.0,1.0,1.0,0.0]",0,0
"[12.0,75.8499984741211,910.2000122070312,1.0,0.0,0.0,0.0]",0,1
"[50.0,89.69999694824219,4485.0,1.0,0.0,0.0,0.0]",0,0
"[13.0,89.05000305175781,1157.6500244140625,0.0,1.0,0.0,0.0]",1,1
"[41.0,66.5,2726.5,1.0,1.0,1.0,0.0]",1,0
"[12.0,34.0,408.0,0.0,0.0,0.0,1.0]",0,0
"[1.0,25.25,25.25,1.0,0.0,0.0,1.0]",0,0
"[12.0,33.599998474121094,403.20001220703125,1.0,0.0,0.0,1.0]",0,0
"[21.0,64.8499984741211,1361.8499755859375,1.0,0.0,1.0,0.0]",0,0
"(7,[0,1,2],[4.0,90.05000305175781,360.20001220703125])",1,1
"[2.0,20.0,40.0,0.0,1.0,0.0,0.0]",0,0
"[61.0,82.1500015258789,5011.14990234375,0.0,1.0,0.0,0.0]",0,0
"[17.0,85.3499984741211,1450.949951171875,1.0,1.0,0.0,0.0]",1,1
"[1.0,20.5,20.5,1.0,1.0,1.0,0.0]",1,0
"[66.0,88.9000015258789,5867.39990234375,1.0,0.0,0.0,0.0]",0,0
"[72.0,19.950000762939453,1436.4000244140625,0.0,1.0,1.0,0.0]",0,0
"[8.0,80.0999984741211,640.7999877929688,1.0,0.0,0.0,0.0]",1,1
"(7,[0,1,2],[68.0,117.19999694824219,7969.60009765625])",0,0
"[3.0,79.6500015258789,238.9499969482422,0.0,1.0,0.0,0.0]",1,1
"[28.0,39.099998474121094,1094.800048828125,1.0,1.0,1.0,1.0]",0,0
"[56.0,72.5999984741211,4065.60009765625,1.0,1.0,1.0,0.0]",0,0
"[15.0,103.44999694824219,1551.75,0.0,1.0,0.0,0.0]",0,1
"[56.0,19.549999237060547,1094.800048828125,1.0,0.0,0.0,0.0]",0,0
"[69.0,20.549999237060547,1417.949951171875,0.0,1.0,1.0,0.0]",0,0
"[72.0,64.94999694824219,4676.39990234375,0.0,1.0,0.0,1.0]",0,0
"[62.0,25.799999237060547,1599.5999755859375,1.0,0.0,0.0,0.0]",0,0
"[2.0,70.6500015258789,141.3000030517578,1.0,0.0,0.0,0.0]",1,1
"[27.0,49.849998474121094,1345.949951171875,1.0,1.0,1.0,0.0]",0,0
"[37.0,36.650001525878906,1356.050048828125,0.0,0.0,0.0,1.0]",0,0
"(7,[1,4,5],[25.75,1.0,1.0])",0,0
"[47.0,65.0,3055.0,1.0,0.0,0.0,0.0]",0,0
"[72.0,105.5,7596.0,1.0,1.0,0.0,0.0]",0,0
"(7,[0,1,2],[22.0,94.94999694824219,2088.89990234375])",0,1
"(7,[0,1,2],[23.0,104.05000305175781,2393.14990234375])",1,1
"(7,[0,1,2],[54.0,89.80000305175781,4849.2001953125])",0,0
"[64.0,90.25,5776.0,0.0,1.0,1.0,0.0]",0,0
"[21.0,104.4000015258789,2192.39990234375,1.0,1.0,0.0,0.0]",1,1
"(7,[0,1,2],[2.0,93.8499984741211,187.6999969482422])",1,1
"(7,[0,1,2],[26.0,49.150001525878906,1277.9000244140625])",0,0
"[3.0,36.849998474121094,110.55000305175781,0.0,0.0,0.0,1.0]",1,1
"[42.0,60.150001525878906,2526.300048828125,1.0,0.0,0.0,0.0]",0,0
"(7,[0,1,2],[2.0,71.30000305175781,142.60000610351562])",0,1
"[2.0,19.850000381469727,39.70000076293945,0.0,1.0,1.0,0.0]",1,0
"[52.0,98.1500015258789,5103.7998046875,1.0,1.0,1.0,0.0]",0,0
"[52.0,105.05000305175781,5462.60009765625,1.0,1.0,0.0,0.0]",1,0
"[61.0,103.94999694824219,6340.9501953125,1.0,0.0,0.0,0.0]",0,0
"(7,[0,1,2],[1.0,69.80000305175781,69.80000305175781])",1,1
"[16.0,84.75,1356.0,1.0,0.0,0.0,0.0]",1,1
"[42.0,20.25,850.5,0.0,1.0,1.0,0.0]",0,0
"[18.0,88.8499984741211,1599.300048828125,1.0,1.0,0.0,0.0]",0,1
"[8.0,76.1500015258789,609.2000122070312,0.0,1.0,1.0,0.0]",0,0
"[25.0,88.4000015258789,2210.0,1.0,1.0,0.0,0.0]",0,0
"[8.0,43.45000076293945,347.6000061035156,0.0,1.0,1.0,0.0]",0,0
"[55.0,59.45000076293945,3269.75,0.0,1.0,1.0,0.0]",0,0
"[52.0,57.95000076293945,3013.39990234375,1.0,0.0,0.0,0.0]",0,0
"[59.0,68.69999694824219,4053.300048828125,1.0,0.0,0.0,0.0]",0,0
"[9.0,43.75,393.75,1.0,0.0,0.0,0.0]",0,0
"[10.0,80.25,802.5,1.0,0.0,0.0,0.0]",1,1
"[4.0,73.75,295.0,1.0,1.0,1.0,0.0]",1,0
"[20.0,81.44999694824219,1629.0,1.0,0.0,0.0,0.0]",0,0
"[42.0,66.5,2793.0,1.0,0.0,0.0,0.0]",0,0
"[20.0,91.0,1820.0,1.0,1.0,0.0,0.0]",0,1
"(7,[0,1,2],[15.0,79.4000015258789,1191.0])",1,0
"[53.0,62.849998474121094,3331.050048828125,0.0,0.0,1.0,0.0]",0,0
"[34.0,88.8499984741211,3020.89990234375,0.0,1.0,0.0,0.0]",0,0
"[13.0,55.95000076293945,727.3499755859375,1.0,1.0,1.0,0.0]",1,0
"[45.0,24.450000762939453,1100.25,0.0,1.0,1.0,0.0]",0,0
"[70.0,74.80000305175781,5236.0,0.0,1.0,0.0,0.0]",0,0
"[40.0,96.3499984741211,3854.0,1.0,1.0,1.0,0.0]",0,0
"[18.0,87.9000015258789,1582.199951171875,0.0,1.0,1.0,0.0]",0,0
"(7,[0,1,2],[1.0,20.049999237060547,20.049999237060547])",0,0
"(7,[0,1,2],[1.0,19.299999237060547,19.299999237060547])",1,0
"[70.0,98.69999694824219,6909.0,0.0,1.0,0.0,0.0]",0,0
"[42.0,95.55000305175781,4013.10009765625,1.0,1.0,0.0,0.0]",0,0
"[8.0,19.950000762939453,159.60000610351562,1.0,0.0,1.0,0.0]",0,0
"[18.0,57.45000076293945,1034.0999755859375,0.0,1.0,1.0,0.0]",1,0
"[67.0,49.349998474121094,3306.449951171875,0.0,0.0,0.0,1.0]",0,0
"[18.0,33.599998474121094,604.7999877929688,0.0,0.0,0.0,1.0]",0,0
"[20.0,20.0,400.0,1.0,1.0,1.0,0.0]",0,0
"[45.0,99.69999694824219,4486.5,0.0,0.0,1.0,0.0]",0,0
"[29.0,20.0,580.0,1.0,0.0,0.0,0.0]",0,0
"[44.0,84.80000305175781,3731.199951171875,1.0,0.0,0.0,0.0]",1,0
"(7,[0,1,2],[50.0,70.3499984741211,3517.5])",0,0
"(7,[0,1,2],[1.0,55.54999923706055,55.54999923706055])",0,0
"[63.0,79.80000305175781,5027.39990234375,0.0,1.0,0.0,0.0]",0,0
"[2.0,80.1500015258789,160.3000030517578,1.0,1.0,0.0,0.0]",0,1
"[67.0,105.69999694824219,7081.89990234375,1.0,1.0,0.0,0.0]",0,0
"[12.0,30.25,363.0,1.0,1.0,1.0,1.0]",0,0
"(7,[0,1,2],[5.0,20.049999237060547,100.25])",0,0
"(7,[0,1,2],[1.0,20.200000762939453,20.200000762939453])",1,0
"[5.0,81.0,405.0,1.0,1.0,0.0,0.0]",1,1
"(7,[0,1,2],[26.0,19.799999237060547,514.7999877929688])",0,0
"[48.0,103.25,4956.0,1.0,1.0,1.0,0.0]",1,0
"[11.0,29.600000381469727,325.6000061035156,1.0,1.0,1.0,1.0]",0,0
"[8.0,19.450000762939453,155.60000610351562,0.0,0.0,1.0,0.0]",0,0
"[35.0,62.150001525878906,2175.25,1.0,1.0,0.0,0.0]",0,0
"[50.0,103.4000015258789,5170.0,0.0,1.0,1.0,0.0]",0,0
"[30.0,100.19999694824219,3006.0,1.0,0.0,0.0,0.0]",1,0
"[20.0,79.1500015258789,1583.0,1.0,0.0,0.0,0.0]",1,0
"[32.0,89.5999984741211,2867.199951171875,1.0,1.0,1.0,0.0]",0,0
"[72.0,103.75,7470.0,0.0,1.0,0.0,0.0]",0,0
"[13.0,84.44999694824219,1097.8499755859375,1.0,0.0,0.0,0.0]",1,1
"[35.0,72.0999984741211,2523.5,0.0,0.0,1.0,0.0]",0,0
"[16.0,79.94999694824219,1279.199951171875,1.0,1.0,1.0,0.0]",0,0
"[19.0,24.100000381469727,457.8999938964844,0.0,0.0,1.0,0.0]",0,0
"[67.0,83.8499984741211,5617.9501953125,0.0,1.0,0.0,0.0]",0,0
"[1.0,86.0,86.0,1.0,0.0,0.0,0.0]",1,1
"[56.0,73.25,4102.0,1.0,0.0,0.0,0.0]",0,0
"[40.0,85.05000305175781,3402.0,0.0,1.0,1.0,0.0]",0,0
"[3.0,73.8499984741211,221.5500030517578,1.0,0.0,0.0,0.0]",0,1
"(7,[0,1,2],[13.0,73.75,958.75])",0,0
"[1.0,69.6500015258789,69.6500015258789,1.0,0.0,0.0,0.0]",1,1
"(7,[0,1,2],[1.0,20.0,20.0])",1,0
"[39.0,20.450000762939453,797.5499877929688,0.0,1.0,0.0,0.0]",0,0
"(7,[0,1,2],[1.0,19.799999237060547,19.799999237060547])",1,0
"(7,[0,1,2],[15.0,58.599998474121094,879.0])",1,0
"[2.0,91.44999694824219,182.89999389648438,0.0,1.0,0.0,0.0]",0,1
"[4.0,88.94999694824219,355.79998779296875,1.0,0.0,0.0,0.0]",1,1
"[4.0,85.94999694824219,343.79998779296875,1.0,1.0,1.0,0.0]",1,1
"[43.0,20.0,860.0,1.0,1.0,1.0,0.0]",0,0
"[71.0,84.4000015258789,5992.39990234375,1.0,1.0,0.0,0.0]",0,0
"(7,[0,1,2],[3.0,69.5999984741211,208.8000030517578])",0,1
"[17.0,25.100000381469727,426.70001220703125,0.0,0.0,0.0,1.0]",0,0
"[49.0,93.8499984741211,4598.64990234375,0.0,1.0,0.0,0.0]",0,0
"[71.0,84.19999694824219,5978.2001953125,0.0,1.0,0.0,0.0]",0,0
"[50.0,109.6500015258789,5482.5,1.0,0.0,0.0,0.0]",1,0
"[10.0,29.5,295.0,0.0,0.0,0.0,1.0]",1,0
"[23.0,84.25,1937.75,0.0,1.0,0.0,0.0]",0,0
"[30.0,66.30000305175781,1989.0,1.0,1.0,1.0,0.0]",0,0
"(7,[0,1,2],[2.0,70.69999694824219,141.39999389648438])",1,1
"[7.0,69.19999694824219,484.3999938964844,1.0,1.0,0.0,0.0]",0,1
"[39.0,50.75,1979.25,1.0,0.0,0.0,1.0]",1,0
"[9.0,20.350000381469727,183.14999389648438,1.0,1.0,1.0,0.0]",0,0
"[66.0,108.44999694824219,7157.7001953125,0.0,1.0,1.0,0.0]",0,0
"(7,[0,1,2],[64.0,104.6500015258789,6697.60009765625])",0,0
"[17.0,55.349998474121094,940.9500122070312,1.0,1.0,1.0,0.0]",0,0
"(7,[0,1,2],[1.0,20.649999618530273,20.649999618530273])",0,0
"[24.0,56.349998474121094,1352.4000244140625,1.0,0.0,0.0,0.0]",0,0
"[3.0,91.5,274.5,1.0,1.0,0.0,0.0]",1,1
"[43.0,110.75,4762.25,0.0,1.0,1.0,0.0]",1,0
"[54.0,46.0,2484.0,0.0,1.0,1.0,1.0]",0,0
"[62.0,72.0,4464.0,1.0,1.0,0.0,0.0]",0,0
"(7,[0,1,2],[10.0,98.55000305175781,985.5])",1,1
"[10.0,29.649999618530273,296.5,1.0,0.0,0.0,1.0]",1,0
"(7,[0,1,2],[38.0,94.75,3600.5])",0,0
"(7,[0,1,2],[3.0,94.8499984741211,284.54998779296875])",0,1
"[68.0,110.19999694824219,7493.60009765625,0.0,1.0,1.0,0.0]",0,0
"[17.0,44.599998474121094,758.2000122070312,0.0,0.0,1.0,0.0]",0,0
"[4.0,25.200000762939453,100.80000305175781,0.0,0.0,0.0,1.0]",1,0
"(7,[0,1,2],[27.0,19.850000381469727,535.9500122070312])",0,0
"[72.0,108.94999694824219,7844.39990234375,0.0,1.0,0.0,0.0]",0,0
"[48.0,75.1500015258789,3607.199951171875,1.0,0.0,0.0,0.0]",0,0
"[66.0,66.9000015258789,4415.39990234375,1.0,1.0,0.0,0.0]",0,0
"[1.0,85.69999694824219,85.69999694824219,1.0,0.0,0.0,0.0]",1,1
"[53.0,96.75,5127.75,1.0,0.0,0.0,0.0]",0,0
"[1.0,75.69999694824219,75.69999694824219,1.0,0.0,0.0,0.0]",1,1
"[35.0,89.69999694824219,3139.5,0.0,1.0,1.0,0.0]",0,0
"(7,[0,1,2],[17.0,55.5,943.5])",0,0
"[7.0,24.700000762939453,172.89999389648438,1.0,1.0,1.0,1.0]",0,0
"[33.0,104.4000015258789,3445.199951171875,1.0,1.0,0.0,0.0]",1,0
"(7,[0,1,2],[8.0,86.55000305175781,692.4000244140625])",1,1
"[29.0,74.94999694824219,2173.550048828125,1.0,1.0,0.0,0.0]",0,0
"[57.0,87.55000305175781,4990.35009765625,1.0,0.0,0.0,0.0]",0,0
"[42.0,73.1500015258789,3072.300048828125,0.0,1.0,1.0,0.0]",0,0
"[72.0,64.80000305175781,4665.60009765625,0.0,1.0,1.0,1.0]",0,0
"[56.0,105.5999984741211,5913.60009765625,1.0,1.0,0.0,0.0]",0,0
"[72.0,104.80000305175781,7545.60009765625,0.0,1.0,0.0,0.0]",0,0
"[53.0,97.75,5180.75,0.0,1.0,0.0,0.0]",0,0
"[12.0,50.95000076293945,611.4000244140625,0.0,0.0,0.0,1.0]",0,1
"[41.0,98.05000305175781,4020.050048828125,1.0,0.0,0.0,0.0]",0,0
"[28.0,51.0,1428.0,0.0,1.0,1.0,0.0]",0,0
"[71.0,114.5999984741211,8136.60009765625,1.0,1.0,1.0,0.0]",0,0
"[31.0,25.75,798.25,0.0,1.0,1.0,0.0]",0,0
"[48.0,96.9000015258789,4651.2001953125,0.0,1.0,0.0,0.0]",0,0
"[34.0,44.849998474121094,1524.9000244140625,0.0,1.0,1.0,1.0]",0,0
"[52.0,80.19999694824219,4170.39990234375,1.0,0.0,0.0,0.0]",0,0
"[3.0,64.5999984741211,193.8000030517578,1.0,0.0,0.0,0.0]",0,1
"(7,[0,1,2],[58.0,24.450000762939453,1418.0999755859375])",0,0
"(7,[0,1,2],[1.0,20.200000762939453,20.200000762939453])",1,0
"(7,[0,1,2],[13.0,79.80000305175781,1037.4000244140625])",1,1
"[51.0,94.6500015258789,4827.14990234375,0.0,1.0,0.0,0.0]",1,0
"(7,[0,1,2],[22.0,95.0999984741211,2092.199951171875])",0,1
"[8.0,84.0,672.0,1.0,1.0,0.0,0.0]",1,1
"[15.0,19.799999237060547,297.0,1.0,1.0,1.0,0.0]",0,0
"[52.0,104.19999694824219,5418.39990234375,0.0,1.0,0.0,0.0]",1,0
"(7,[0,1,2],[1.0,79.5999984741211,79.5999984741211])",1,1
"[65.0,70.94999694824219,4611.75,0.0,1.0,0.0,0.0]",0,0
"(7,[0,1,2],[57.0,90.44999694824219,5155.64990234375])",0,0
"[14.0,86.0,1204.0,1.0,0.0,1.0,0.0]",0,0
"(7,[0,1,2],[62.0,102.0,6324.0])",1,0
"[7.0,81.0999984741211,567.7000122070312,1.0,1.0,0.0,0.0]",1,1
"[53.0,100.30000305175781,5315.89990234375,1.0,0.0,0.0,0.0]",0,0
"[68.0,38.900001525878906,2645.199951171875,1.0,0.0,0.0,1.0]",0,0
"[4.0,60.400001525878906,241.60000610351562,1.0,0.0,0.0,0.0]",1,0
"[17.0,20.149999618530273,342.54998779296875,1.0,0.0,0.0,0.0]",0,0
"[46.0,24.899999618530273,1145.4000244140625,0.0,1.0,1.0,0.0]",0,0
"[1.0,19.899999618530273,19.899999618530273,0.0,1.0,1.0,0.0]",1,0
"[33.0,74.75,2466.75,0.0,1.0,1.0,0.0]",0,0
"[47.0,20.149999618530273,947.0499877929688,1.0,0.0,0.0,0.0]",0,0
"[49.0,99.05000305175781,4853.4501953125,0.0,1.0,0.0,0.0]",1,0
"[42.0,20.75,871.5,1.0,0.0,0.0,0.0]",0,0
"[10.0,24.799999237060547,248.0,0.0,0.0,1.0,0.0]",0,0
"[1.0,75.30000305175781,75.30000305175781,1.0,0.0,0.0,0.0]",1,1
"[16.0,96.1500015258789,1538.4000244140625,1.0,0.0,0.0,0.0]",1,1
"[22.0,84.30000305175781,1854.5999755859375,1.0,0.0,0.0,0.0]",1,0
"(7,[0,1,2],[46.0,89.1500015258789,4100.89990234375])",0,0
"[15.0,19.75,296.25,1.0,0.0,0.0,0.0]",1,0
"[58.0,99.25,5756.5,1.0,1.0,1.0,0.0]",0,0
"[15.0,84.3499984741211,1265.25,1.0,0.0,0.0,0.0]",0,1
"[20.0,89.0999984741211,1782.0,1.0,0.0,0.0,0.0]",0,1
"(7,[0,1,2],[21.0,84.0999984741211,1766.0999755859375])",0,0
"[49.0,101.55000305175781,4975.9501953125,1.0,0.0,0.0,0.0]",0,0
"[30.0,40.349998474121094,1210.5,1.0,0.0,0.0,1.0]",0,0
"[8.0,19.700000762939453,157.60000610351562,0.0,1.0,1.0,0.0]",0,0
"(7,[0,1,2],[49.0,96.19999694824219,4713.7998046875])",1,0
"(7,[0,1,2],[62.0,19.850000381469727,1230.699951171875])",0,0
"[42.0,48.150001525878906,2022.300048828125,0.0,1.0,1.0,1.0]",0,0
"[5.0,83.5999984741211,418.0,1.0,1.0,1.0,0.0]",1,1
"(7,[0,1,2],[17.0,86.75,1474.75])",0,1
"[15.0,20.0,300.0,0.0,1.0,1.0,0.0]",1,0
"(7,[0,1,2],[41.0,99.6500015258789,4085.64990234375])",0,0
"(7,[0,1,2],[71.0,24.649999618530273,1750.1500244140625])",0,0
"[11.0,82.9000015258789,911.9000244140625,1.0,1.0,0.0,0.0]",0,1
"[43.0,91.6500015258789,3940.949951171875,1.0,0.0,0.0,0.0]",0,0
"[65.0,99.05000305175781,6438.25,1.0,1.0,1.0,0.0]",0,0
"(7,[0,1,2],[66.0,19.700000762939453,1300.199951171875])",0,0
"[70.0,97.55000305175781,6828.5,0.0,1.0,1.0,0.0]",0,0
"(7,[0,1,2],[71.0,25.549999237060547,1814.050048828125])",0,0
"(7,[0,1,2],[69.0,106.5,7348.5])",1,0
"[28.0,59.900001525878906,1677.199951171875,1.0,0.0,0.0,0.0]",0,0
"(7,[0,1,2],[6.0,78.94999694824219,473.70001220703125])",0,1
"(7,[0,1,2],[3.0,107.94999694824219,323.8500061035156])",0,1
"[29.0,68.8499984741211,1996.6500244140625,1.0,0.0,0.0,0.0]",1,0
"[12.0,20.149999618530273,241.8000030517578,1.0,0.0,0.0,0.0]",0,0
"[72.0,100.6500015258789,7246.7998046875,1.0,1.0,0.0,0.0]",0,0
"(7,[0,1,2],[33.0,83.8499984741211,2767.050048828125])",1,0
"[70.0,80.4000015258789,5628.0,1.0,1.0,1.0,0.0]",0,0
"[19.0,100.94999694824219,1918.050048828125,0.0,1.0,1.0,0.0]",1,1
"(7,[0,1,2],[3.0,76.94999694824219,230.85000610351562])",1,1
"[21.0,58.849998474121094,1235.8499755859375,1.0,1.0,1.0,0.0]",0,0
"(7,[0,1,2],[16.0,74.55000305175781,1192.800048828125])",0,0
"[16.0,68.25,1092.0,1.0,1.0,1.0,0.0]",0,0
"[5.0,88.9000015258789,444.5,1.0,1.0,0.0,0.0]",1,1
"[33.0,88.5999984741211,2923.800048828125,1.0,1.0,1.0,0.0]",0,0
"[26.0,19.149999618530273,497.8999938964844,0.0,1.0,1.0,0.0]",0,0
"[11.0,75.25,827.75,1.0,0.0,0.0,0.0]",0,1
"(7,[0,1,2],[19.0,99.94999694824219,1899.050048828125])",1,1
"(7,[0,1,2],[1.0,69.4000015258789,69.4000015258789])",1,1
"[13.0,84.5999984741211,1099.800048828125,1.0,0.0,0.0,0.0]",1,1
"(7,[0,1,2],[9.0,70.05000305175781,630.4500122070312])",0,0
"[67.0,105.5999984741211,7075.2001953125,1.0,1.0,0.0,0.0]",0,0
"(7,[0,1,2],[31.0,94.5,2929.5])",0,0
"[70.0,20.149999618530273,1410.5,1.0,1.0,1.0,0.0]",0,0
"[55.0,75.0,4125.0,1.0,1.0,1.0,0.0]",0,0
"(7,[0,1,2],[15.0,74.19999694824219,1113.0])",1,0
"[49.0,71.80000305175781,3518.199951171875,1.0,1.0,0.0,0.0]",0,0
"(7,[0,1,2],[32.0,19.799999237060547,633.5999755859375])",0,0
"[1.0,79.3499984741211,79.3499984741211,1.0,0.0,1.0,0.0]",1,1
"(7,[0,1,2],[10.0,104.4000015258789,1044.0])",1,1
"[53.0,54.900001525878906,2909.699951171875,0.0,0.0,0.0,1.0]",0,0
"[4.0,61.45000076293945,245.8000030517578,0.0,1.0,1.0,0.0]",1,0
"[72.0,107.5,7740.0,1.0,0.0,0.0,0.0]",0,0
"[6.0,20.950000762939453,125.69999694824219,1.0,0.0,0.0,0.0]",0,0
"(7,[0,1,2],[21.0,104.3499984741211,2191.35009765625])",0,1
"[12.0,19.350000381469727,232.1999969482422,1.0,0.0,0.0,0.0]",0,0
"[64.0,108.5,6944.0,0.0,1.0,0.0,0.0]",0,0
"[10.0,70.30000305175781,703.0,0.0,1.0,0.0,0.0]",1,1
"[44.0,96.0999984741211,4228.39990234375,1.0,1.0,0.0,0.0]",1,0
"[32.0,74.75,2392.0,1.0,0.0,0.0,0.0]",0,0
"[16.0,86.25,1380.0,1.0,0.0,0.0,0.0]",0,1
"(7,[0,1,2],[12.0,20.049999237060547,240.60000610351562])",0,0
"(7,[0,1,2],[58.0,25.299999237060547,1467.4000244140625])",0,0
"[37.0,19.799999237060547,732.5999755859375,1.0,0.0,0.0,0.0]",0,0
"[54.0,55.45000076293945,2994.300048828125,0.0,0.0,0.0,1.0]",0,0
"[5.0,83.1500015258789,415.75,1.0,0.0,0.0,0.0]",1,1
"[34.0,20.649999618530273,702.0999755859375,1.0,1.0,1.0,0.0]",0,0
"[20.0,70.44999694824219,1409.0,0.0,1.0,1.0,0.0]",1,0
"[32.0,74.4000015258789,2380.800048828125,1.0,0.0,0.0,0.0]",1,0
"[28.0,110.8499984741211,3103.800048828125,1.0,1.0,0.0,0.0]",0,1
"[54.0,97.19999694824219,5248.7998046875,1.0,0.0,0.0,0.0]",0,0
"[41.0,19.75,809.75,0.0,1.0,0.0,0.0]",0,0
"[5.0,84.8499984741211,424.25,1.0,0.0,0.0,0.0]",1,1
"[41.0,70.19999694824219,2878.199951171875,0.0,0.0,1.0,0.0]",0,0
"[65.0,111.05000305175781,7218.25,1.0,0.0,0.0,0.0]",0,0
"[22.0,20.25,445.5,0.0,1.0,1.0,0.0]",0,0
"[72.0,68.1500015258789,4906.7998046875,0.0,1.0,0.0,0.0]",0,0
"[32.0,98.8499984741211,3163.199951171875,1.0,1.0,1.0,0.0]",0,0
"[68.0,54.45000076293945,3702.60009765625,1.0,0.0,0.0,0.0]",0,0
"[26.0,20.049999237060547,521.2999877929688,0.0,1.0,1.0,0.0]",0,0
"[13.0,19.299999237060547,250.89999389648438,1.0,0.0,0.0,0.0]",0,0
"[62.0,79.94999694824219,4956.89990234375,1.0,1.0,0.0,0.0]",0,0
"[63.0,83.0,5229.0,1.0,0.0,0.0,0.0]",0,0
"[70.0,90.1500015258789,6310.5,0.0,1.0,1.0,0.0]",0,0
"[13.0,20.299999237060547,263.8999938964844,1.0,0.0,0.0,0.0]",0,0
"(7,[0,1,2],[64.0,20.049999237060547,1283.199951171875])",0,0
"[33.0,20.049999237060547,661.6500244140625,1.0,1.0,0.0,0.0]",0,0
"[1.0,25.350000381469727,25.350000381469727,0.0,0.0,0.0,1.0]",0,0
"[71.0,85.44999694824219,6066.9501953125,0.0,1.0,1.0,0.0]",0,0
"[6.0,19.850000381469727,119.0999984741211,1.0,1.0,1.0,0.0]",0,0
"[2.0,69.75,139.5,1.0,0.0,0.0,0.0]",1,1
"[35.0,20.5,717.5,0.0,1.0,1.0,0.0]",0,0
"[47.0,83.3499984741211,3917.449951171875,0.0,1.0,0.0,0.0]",1,0
"[46.0,30.75,1414.5,0.0,0.0,0.0,1.0]",0,0
"(7,[0,1,2],[5.0,78.75,393.75])",0,1
"[3.0,19.600000381469727,58.79999923706055,1.0,1.0,0.0,0.0]",0,0
"(7,[0,1,2],[1.0,46.29999923706055,46.29999923706055])",0,0
"(7,[0,1,2],[51.0,81.1500015258789,4138.64990234375])",0,0
"[56.0,109.80000305175781,6148.7998046875,1.0,1.0,0.0,0.0]",0,0
"[52.0,63.900001525878906,3322.800048828125,0.0,0.0,0.0,1.0]",0,0
"[25.0,58.599998474121094,1465.0,1.0,1.0,1.0,1.0]",1,0
"[64.0,43.849998474121094,2806.39990234375,1.0,0.0,0.0,1.0]",0,0
"[69.0,99.5,6865.5,0.0,1.0,0.0,0.0]",0,0
"[56.0,52.0,2912.0,0.0,1.0,1.0,1.0]",0,0
"[1.0,85.0,85.0,1.0,0.0,0.0,0.0]",1,1
"[5.0,28.450000762939453,142.25,1.0,0.0,0.0,1.0]",1,0
"[62.0,94.94999694824219,5886.89990234375,0.0,1.0,1.0,0.0]",0,0
"[69.0,95.19999694824219,6568.7998046875,0.0,1.0,1.0,0.0]",0,0
"[65.0,89.8499984741211,5840.25,1.0,0.0,0.0,0.0]",0,0
"[71.0,76.9000015258789,5459.89990234375,0.0,0.0,1.0,0.0]",0,0
"(7,[0,1,2],[1.0,19.950000762939453,19.950000762939453])",0,0
"[72.0,109.6500015258789,7894.7998046875,0.0,1.0,0.0,0.0]",0,0
"(7,[0,1,2],[3.0,49.900001525878906,149.6999969482422])",1,0
"[1.0,29.950000762939453,29.950000762939453,1.0,0.0,0.0,1.0]",1,1
"[49.0,59.599998474121094,2920.39990234375,0.0,1.0,1.0,0.0]",0,0
"[49.0,94.80000305175781,4645.2001953125,0.0,1.0,0.0,0.0]",0,0
"[67.0,69.3499984741211,4646.4501953125,0.0,1.0,1.0,0.0]",0,0
"(7,[0,1,2],[65.0,110.0,7150.0])",0,0
"(7,[0,1,2],[10.0,74.1500015258789,741.5])",1,1
"[71.0,87.25,6194.75,1.0,1.0,1.0,0.0]",0,0
"[68.0,89.05000305175781,6055.39990234375,1.0,1.0,1.0,0.0]",0,0
"[46.0,65.6500015258789,3019.89990234375,0.0,1.0,0.0,0.0]",0,0
"[72.0,73.0,5256.0,1.0,0.0,0.0,0.0]",0,0
"[34.0,97.6500015258789,3320.10009765625,1.0,1.0,0.0,0.0]",1,0
"[48.0,107.4000015258789,5155.2001953125,1.0,0.0,0.0,0.0]",1,0
"[43.0,55.54999923706055,2388.64990234375,1.0,1.0,0.0,1.0]",1,0
"[23.0,20.75,477.25,0.0,1.0,0.0,0.0]",0,0
"[10.0,53.70000076293945,537.0,0.0,1.0,1.0,1.0]",0,0
"[9.0,68.94999694824219,620.5499877929688,0.0,1.0,0.0,0.0]",0,1
"[31.0,20.950000762939453,649.4500122070312,1.0,0.0,0.0,0.0]",0,0
"(7,[0,1,2],[1.0,69.3499984741211,69.3499984741211])",1,1
"[71.0,87.94999694824219,6244.4501953125,1.0,1.0,0.0,0.0]",0,0
"[71.0,100.5,7135.5,1.0,1.0,1.0,0.0]",0,0
"[47.0,99.3499984741211,4669.4501953125,0.0,1.0,1.0,0.0]",1,0
"[1.0,20.200000762939453,20.200000762939453,0.0,1.0,1.0,0.0]",0,0
"[4.0,20.149999618530273,80.5999984741211,1.0,1.0,0.0,0.0]",0,0
"[23.0,54.25,1247.75,1.0,1.0,0.0,0.0]",0,0
"[12.0,20.5,246.0,0.0,1.0,1.0,0.0]",0,0
"[31.0,90.69999694824219,2811.699951171875,1.0,1.0,0.0,0.0]",0,0
"(7,[0,1,2],[6.0,20.649999618530273,123.9000015258789])",0,0
"(7,[0,1,2],[3.0,105.0,315.0])",1,1
"[55.0,58.599998474121094,3223.0,0.0,1.0,0.0,0.0]",0,0
"[13.0,66.4000015258789,863.2000122070312,0.0,0.0,1.0,0.0]",0,0
"[2.0,45.400001525878906,90.80000305175781,1.0,0.0,0.0,0.0]",0,0
"[16.0,38.900001525878906,622.4000244140625,1.0,0.0,0.0,1.0]",0,0
"(7,[0,1,2],[33.0,79.0,2607.0])",0,0
"[23.0,57.75,1328.25,1.0,1.0,1.0,0.0]",0,0
"[13.0,30.850000381469727,401.04998779296875,1.0,0.0,0.0,1.0]",0,0
"[9.0,21.25,191.25,0.0,1.0,0.0,0.0]",0,0
"(7,[0,1,2],[33.0,24.899999618530273,821.7000122070312])",0,0
"[15.0,94.6500015258789,1419.75,1.0,1.0,0.0,0.0]",0,1
"[27.0,56.20000076293945,1517.4000244140625,0.0,0.0,1.0,0.0]",0,0
"[72.0,20.350000381469727,1465.199951171875,0.0,1.0,1.0,0.0]",0,0
"[70.0,76.94999694824219,5386.5,0.0,1.0,0.0,0.0]",0,0
"[6.0,55.0,330.0,1.0,0.0,0.0,0.0]",0,0
"(7,[0,1,2],[72.0,109.19999694824219,7862.39990234375])",0,0
"[61.0,25.0,1525.0,0.0,1.0,0.0,0.0]",0,0
"(7,[0,1,2],[14.0,100.55000305175781,1407.699951171875])",1,1
"[65.0,104.30000305175781,6779.5,1.0,1.0,1.0,0.0]",0,0
"[45.0,20.850000381469727,938.25,1.0,1.0,1.0,0.0]",0,0
"(7,[0,1,2],[24.0,60.45000076293945,1450.800048828125])",0,0
"[4.0,83.25,333.0,1.0,1.0,0.0,0.0]",0,1
"[30.0,85.3499984741211,2560.5,1.0,0.0,0.0,0.0]",1,0
"[5.0,30.5,152.5,1.0,1.0,1.0,1.0]",0,0
"[53.0,103.8499984741211,5504.0498046875,0.0,1.0,0.0,0.0]",1,0
"[67.0,26.299999237060547,1762.0999755859375,0.0,1.0,1.0,0.0]",0,0
"[1.0,70.30000305175781,70.30000305175781,1.0,0.0,0.0,0.0]",1,1
"[42.0,104.75,4399.5,1.0,0.0,0.0,0.0]",1,0
"[43.0,51.25,2203.75,1.0,1.0,1.0,1.0]",0,0
"(7,[0,1,2],[20.0,98.55000305175781,1971.0])",1,1
"[11.0,102.0,1122.0,1.0,1.0,0.0,0.0]",1,1
"[1.0,50.54999923706055,50.54999923706055,1.0,0.0,0.0,0.0]",1,0
"[14.0,91.6500015258789,1283.0999755859375,1.0,1.0,1.0,0.0]",1,1
"[70.0,86.44999694824219,6051.5,1.0,1.0,0.0,0.0]",0,0
"(7,[0,1,2],[11.0,20.399999618530273,224.39999389648438])",0,0
"[5.0,70.05000305175781,350.25,1.0,1.0,0.0,0.0]",0,1
"[27.0,85.9000015258789,2319.300048828125,0.0,1.0,0.0,0.0]",0,0
"[14.0,81.94999694824219,1147.300048828125,0.0,1.0,0.0,0.0]",0,1
"[72.0,104.1500015258789,7498.7998046875,1.0,1.0,1.0,0.0]",0,0
"(7,[0,1,2],[5.0,105.30000305175781,526.5])",0,1
"[63.0,80.30000305175781,5058.89990234375,1.0,0.0,0.0,0.0]",0,0
"(7,[0,1,2],[19.0,19.700000762939453,374.29998779296875])",0,0
"(7,[0,1,2],[72.0,103.6500015258789,7462.7998046875])",0,0
"[26.0,26.0,676.0,1.0,1.0,0.0,0.0]",0,0
"[24.0,74.80000305175781,1795.199951171875,0.0,1.0,1.0,0.0]",0,0
"[18.0,25.549999237060547,459.8999938964844,0.0,1.0,1.0,1.0]",0,0
"(7,[0,1,2],[62.0,90.69999694824219,5623.39990234375])",0,0
"[56.0,107.25,6006.0,0.0,1.0,0.0,0.0]",0,0
"(7,[0,1,2],[2.0,44.900001525878906,89.80000305175781])",0,0
"[13.0,96.6500015258789,1256.449951171875,1.0,0.0,0.0,0.0]",1,1
"[13.0,23.899999618530273,310.70001220703125,1.0,0.0,0.0,1.0]",1,0
"[64.0,19.450000762939453,1244.800048828125,1.0,1.0,0.0,0.0]",0,0
"[1.0,19.75,19.75,0.0,0.0,1.0,0.0]",1,0
"(7,[0,1,2],[9.0,74.05000305175781,666.4500122070312])",0,1
"[64.0,58.349998474121094,3734.39990234375,1.0,1.0,0.0,0.0]",0,0
"[71.0,85.75,6088.25,1.0,1.0,0.0,0.0]",0,0
"(7,[0,1,2],[50.0,90.0999984741211,4505.0])",0,0
"(7,[0,1,2],[1.0,75.75,75.75])",1,1
"[61.0,68.05000305175781,4151.0498046875,0.0,1.0,1.0,0.0]",0,0
"[65.0,84.8499984741211,5515.25,1.0,0.0,0.0,0.0]",0,0
"[59.0,89.75,5295.25,1.0,0.0,0.0,0.0]",0,0
"[56.0,21.200000762939453,1187.199951171875,0.0,0.0,1.0,0.0]",0,0
"[23.0,20.899999618530273,480.70001220703125,0.0,1.0,1.0,0.0]",0,0
"[72.0,19.700000762939453,1418.4000244140625,1.0,1.0,1.0,0.0]",0,0
"[19.0,48.95000076293945,930.0499877929688,0.0,1.0,1.0,0.0]",0,0
"[2.0,20.549999237060547,41.099998474121094,1.0,0.0,0.0,0.0]",0,0
"[46.0,80.4000015258789,3698.39990234375,0.0,1.0,0.0,0.0]",1,0
"[37.0,40.20000076293945,1487.4000244140625,0.0,1.0,1.0,1.0]",0,0
"[72.0,25.200000762939453,1814.4000244140625,1.0,1.0,1.0,0.0]",0,0
"[67.0,20.850000381469727,1396.949951171875,1.0,1.0,0.0,0.0]",0,0
"[65.0,108.6500015258789,7062.25,0.0,1.0,1.0,0.0]",1,0
"[69.0,112.55000305175781,7765.9501953125,0.0,1.0,0.0,0.0]",0,0
"(7,[0,1,2],[68.0,102.0999984741211,6942.7998046875])",0,0
"[55.0,19.100000381469727,1050.5,0.0,0.0,1.0,0.0]",0,0
"[71.0,24.25,1721.75,1.0,1.0,0.0,0.0]",0,0
"[29.0,90.0999984741211,2612.89990234375,0.0,1.0,0.0,0.0]",0,0
"[2.0,20.100000381469727,40.20000076293945,1.0,1.0,0.0,0.0]",0,0
"[13.0,78.30000305175781,1017.9000244140625,0.0,0.0,1.0,0.0]",0,0
"[9.0,75.5,679.5,1.0,0.0,0.0,0.0]",0,1
"[7.0,49.650001525878906,347.54998779296875,0.0,1.0,1.0,1.0]",0,0
"(7,[0,1,2],[30.0,19.700000762939453,591.0])",0,0
"[72.0,110.9000015258789,7984.7998046875,0.0,1.0,1.0,0.0]",0,0
"(7,[0,1,2],[54.0,65.30000305175781,3526.199951171875])",0,0
"[70.0,111.94999694824219,7836.5,1.0,0.0,0.0,0.0]",0,0
"[53.0,101.9000015258789,5400.7001953125,0.0,1.0,0.0,0.0]",1,0
"[62.0,20.049999237060547,1243.0999755859375,0.0,1.0,1.0,0.0]",0,0
"[1.0,45.29999923706055,45.29999923706055,1.0,0.0,0.0,0.0]",1,0
"[11.0,78.0999984741211,859.0999755859375,1.0,1.0,1.0,0.0]",0,0
"[39.0,40.599998474121094,1583.4000244140625,0.0,0.0,0.0,1.0]",0,0
"[12.0,74.1500015258789,889.7999877929688,0.0,1.0,0.0,0.0]",0,1
"[70.0,95.0,6650.0,0.0,1.0,0.0,0.0]",0,0
"[8.0,103.3499984741211,826.7999877929688,1.0,0.0,0.0,0.0]",1,1
"(7,[0,1,2],[1.0,20.049999237060547,20.049999237060547])",0,0
"[72.0,83.69999694824219,6026.39990234375,1.0,1.0,1.0,0.0]",0,0
"[71.0,47.04999923706055,3340.550048828125,1.0,1.0,0.0,1.0]",0,0
"[72.0,24.649999618530273,1774.800048828125,1.0,1.0,0.0,0.0]",0,0
"(7,[0,1,2],[46.0,72.80000305175781,3348.800048828125])",0,0
"[48.0,111.44999694824219,5349.60009765625,0.0,1.0,0.0,0.0]",0,0
"[72.0,108.0999984741211,7783.2001953125,1.0,0.0,0.0,0.0]",0,0
"[40.0,71.3499984741211,2854.0,1.0,1.0,1.0,0.0]",0,0
"(7,[0,1,2],[37.0,70.3499984741211,2602.949951171875])",0,0
"(7,[0,1,2],[1.0,69.94999694824219,69.94999694824219])",1,1
"[61.0,19.75,1204.75,0.0,0.0,1.0,0.0]",0,0
"[67.0,93.1500015258789,6241.0498046875,0.0,1.0,0.0,0.0]",0,0
"[58.0,71.5999984741211,4152.7998046875,0.0,1.0,1.0,0.0]",0,0
"[72.0,68.4000015258789,4924.7998046875,0.0,1.0,1.0,0.0]",0,0
"[25.0,76.1500015258789,1903.75,1.0,0.0,0.0,0.0]",0,0
"(7,[0,1,2],[70.0,114.94999694824219,8046.5])",0,0
"[1.0,74.5,74.5,0.0,1.0,1.0,0.0]",1,1
"[38.0,19.299999237060547,733.4000244140625,1.0,0.0,0.0,0.0]",0,0
"[44.0,54.29999923706055,2389.199951171875,0.0,1.0,0.0,1.0]",0,0
"[4.0,20.850000381469727,83.4000015258789,1.0,1.0,1.0,0.0]",0,0
"(7,[0,1,2],[4.0,19.0,76.0])",0,0
"[18.0,99.75,1795.5,1.0,1.0,0.0,0.0]",1,1
"[1.0,25.299999237060547,25.299999237060547,0.0,0.0,1.0,1.0]",1,0
"[1.0,20.899999618530273,20.899999618530273,1.0,0.0,0.0,0.0]",0,0
"[51.0,111.5,5686.5,1.0,0.0,0.0,0.0]",0,0
"[10.0,85.5999984741211,856.0,0.0,1.0,0.0,0.0]",1,1
"[1.0,50.45000076293945,50.45000076293945,1.0,1.0,1.0,0.0]",1,0
"[1.0,45.150001525878906,45.150001525878906,1.0,0.0,0.0,0.0]",0,0
"[46.0,54.349998474121094,2500.10009765625,1.0,0.0,0.0,0.0]",1,0
"(7,[0,1,2],[18.0,93.9000015258789,1690.199951171875])",0,1
"[22.0,90.0,1980.0,1.0,0.0,0.0,0.0]",1,0
"(7,[0,1,2],[13.0,20.0,260.0])",0,0
"(7,[0,1,2],[1.0,19.649999618530273,19.649999618530273])",0,0
"(7,[0,1,2],[1.0,49.75,49.75])",0,0
"[32.0,20.5,656.0,0.0,0.0,1.0,0.0]",0,0
"[6.0,69.80000305175781,418.79998779296875,0.0,1.0,1.0,0.0]",0,0
"[39.0,45.04999923706055,1756.949951171875,0.0,0.0,1.0,1.0]",0,0
"[72.0,114.44999694824219,8240.400390625,0.0,1.0,0.0,0.0]",0,0
"[28.0,64.44999694824219,1804.5999755859375,1.0,0.0,0.0,0.0]",0,0
"[3.0,70.30000305175781,210.89999389648438,0.0,1.0,0.0,0.0]",1,1
"[2.0,30.25,60.5,1.0,1.0,1.0,1.0]",0,0
"[20.0,55.0,1100.0,0.0,0.0,0.0,1.0]",0,0
"[44.0,84.80000305175781,3731.199951171875,0.0,1.0,0.0,0.0]",0,0
"[54.0,91.30000305175781,4930.2001953125,1.0,1.0,1.0,0.0]",0,0
"[18.0,74.80000305175781,1346.4000244140625,1.0,1.0,0.0,0.0]",0,0
"[53.0,91.1500015258789,4830.9501953125,1.0,1.0,0.0,0.0]",0,0
"[18.0,49.54999923706055,891.9000244140625,0.0,1.0,0.0,0.0]",1,0
"[7.0,75.44999694824219,528.1500244140625,1.0,0.0,0.0,0.0]",1,1
"[1.0,20.899999618530273,20.899999618530273,1.0,0.0,0.0,0.0]",1,0
"(7,[0,1,2],[1.0,49.79999923706055,49.79999923706055])",0,0
"[64.0,24.049999237060547,1539.199951171875,1.0,1.0,1.0,0.0]",0,0
"[16.0,74.30000305175781,1188.800048828125,0.0,1.0,0.0,0.0]",1,0
"(7,[0,1,2],[1.0,84.6500015258789,84.6500015258789])",1,1
"(7,[0,1,2],[3.0,19.649999618530273,58.95000076293945])",0,0
"[17.0,25.149999618530273,427.54998779296875,0.0,1.0,1.0,0.0]",0,0
"[57.0,89.8499984741211,5121.4501953125,0.0,1.0,0.0,0.0]",0,0
"(7,[0,1,2],[18.0,20.049999237060547,360.8999938964844])",0,0
"[46.0,110.19999694824219,5069.2001953125,1.0,1.0,1.0,0.0]",0,0
"(7,[0,1,2],[3.0,76.05000305175781,228.14999389648438])",1,1
"(7,[0,1,2],[1.0,89.25,89.25])",0,1
"[1.0,29.850000381469727,29.850000381469727,1.0,1.0,0.0,1.0]",0,1
"(7,[0,1,2],[34.0,69.1500015258789,2351.10009765625])",0,0
"[1.0,75.80000305175781,75.80000305175781,1.0,0.0,0.0,0.0]",1,1
"[27.0,20.25,546.75,1.0,0.0,0.0,0.0]",0,0
"[2.0,76.4000015258789,152.8000030517578,0.0,1.0,0.0,0.0]",1,1
"[35.0,19.600000381469727,686.0,0.0,1.0,1.0,0.0]",0,0
"[71.0,19.600000381469727,1391.5999755859375,1.0,1.0,0.0,0.0]",0,0
"(7,[0,1,2],[54.0,87.0999984741211,4703.39990234375])",0,0
"[49.0,51.79999923706055,2538.199951171875,0.0,1.0,1.0,1.0]",1,0
"[11.0,76.5,841.5,1.0,0.0,0.0,0.0]",1,1
"[56.0,95.6500015258789,5356.39990234375,1.0,1.0,0.0,0.0]",0,0
"[7.0,59.099998474121094,413.70001220703125,1.0,0.0,0.0,0.0]",0,0
"(7,[0,1,2],[66.0,110.9000015258789,7319.39990234375])",1,0
"[12.0,29.350000381469727,352.20001220703125,0.0,0.0,0.0,1.0]",0,0
"[46.0,100.69999694824219,4632.2001953125,0.0,1.0,1.0,0.0]",1,0
"(7,[0,1,2],[10.0,20.350000381469727,203.5])",0,0
"[58.0,61.04999923706055,3540.89990234375,1.0,1.0,0.0,0.0]",0,0
"[8.0,19.899999618530273,159.1999969482422,0.0,1.0,1.0,0.0]",0,0
"[5.0,80.1500015258789,400.75,0.0,1.0,1.0,0.0]",1,1
"(7,[0,1,2],[52.0,72.94999694824219,3793.39990234375])",0,0
"[67.0,104.0999984741211,6974.7001953125,0.0,1.0,0.0,0.0]",1,0
"[68.0,20.5,1394.0,1.0,0.0,0.0,0.0]",0,0
"[71.0,24.700000762939453,1753.699951171875,1.0,1.0,1.0,0.0]",0,0
"[59.0,41.04999923706055,2421.949951171875,0.0,1.0,0.0,1.0]",1,0
"[72.0,98.6500015258789,7102.7998046875,1.0,1.0,1.0,0.0]",0,0
"[57.0,55.0,3135.0,1.0,0.0,0.0,1.0]",0,0
"[8.0,51.04999923706055,408.3999938964844,0.0,1.0,1.0,0.0]",1,0
"[60.0,105.9000015258789,6354.0,1.0,0.0,0.0,0.0]",1,0
"[1.0,45.349998474121094,45.349998474121094,1.0,0.0,0.0,0.0]",0,0
"[34.0,40.54999923706055,1378.699951171875,0.0,1.0,1.0,1.0]",0,0
"[2.0,80.6500015258789,161.3000030517578,1.0,0.0,0.0,0.0]",1,1
"[6.0,19.700000762939453,118.19999694824219,1.0,1.0,1.0,0.0]",0,0
"[66.0,106.05000305175781,6999.2998046875,0.0,1.0,0.0,0.0]",1,0
"[72.0,95.0999984741211,6847.2001953125,1.0,1.0,1.0,0.0]",0,0
"[47.0,63.79999923706055,2998.60009765625,1.0,1.0,1.0,0.0]",0,0
"[12.0,20.100000381469727,241.1999969482422,1.0,1.0,1.0,0.0]",0,0
"[72.0,65.19999694824219,4694.39990234375,1.0,1.0,1.0,1.0]",0,0
"[5.0,24.950000762939453,124.75,0.0,1.0,0.0,1.0]",1,0
"[20.0,20.350000381469727,407.0,1.0,1.0,0.0,0.0]",0,0
"(7,[0,1,2],[31.0,96.5999984741211,2994.60009765625])",0,0
"[61.0,59.79999923706055,3647.800048828125,1.0,1.0,1.0,0.0]",0,0
"[4.0,29.049999237060547,116.19999694824219,1.0,1.0,0.0,1.0]",0,1
"(7,[0,1,2],[22.0,59.0,1298.0])",1,0
"[15.0,84.30000305175781,1264.5,1.0,1.0,0.0,0.0]",1,1
"(7,[0,1,2],[4.0,44.54999923706055,178.1999969482422])",0,0
"[1.0,19.899999618530273,19.899999618530273,1.0,0.0,0.0,0.0]",0,0
"[28.0,104.80000305175781,2934.39990234375,1.0,1.0,0.0,0.0]",1,1
"[71.0,80.4000015258789,5708.39990234375,0.0,1.0,0.0,0.0]",0,0
"[1.0,69.4000015258789,69.4000015258789,1.0,1.0,0.0,0.0]",1,1
"[72.0,59.75,4302.0,1.0,0.0,0.0,0.0]",0,0
"[25.0,69.30000305175781,1732.5,1.0,1.0,0.0,0.0]",0,0
"[11.0,90.5999984741211,996.5999755859375,0.0,1.0,1.0,0.0]",0,1
"(7,[0,1,2],[38.0,62.29999923706055,2367.39990234375])",1,0
"[33.0,24.5,808.5,1.0,1.0,1.0,0.0]",1,0
"(7,[0,1,2],[27.0,19.399999618530273,523.7999877929688])",0,0
"[40.0,79.19999694824219,3168.0,1.0,0.0,0.0,0.0]",1,0
"(7,[0,1,2],[6.0,18.950000762939453,113.69999694824219])",0,0
"[65.0,19.899999618530273,1293.5,0.0,1.0,1.0,0.0]",0,0
"[72.0,84.5,6084.0,0.0,1.0,1.0,0.0]",0,0
"[21.0,19.600000381469727,411.6000061035156,0.0,0.0,1.0,0.0]",0,0
"[18.0,83.25,1498.5,0.0,1.0,1.0,0.0]",0,0
"[15.0,75.0999984741211,1126.5,0.0,1.0,1.0,0.0]",0,0
"(7,[0,1,2],[22.0,19.600000381469727,431.20001220703125])",0,0
"[71.0,115.05000305175781,8168.5498046875,0.0,1.0,0.0,0.0]",0,0
"[63.0,108.5,6835.5,0.0,1.0,0.0,0.0]",0,0
"[33.0,105.3499984741211,3476.550048828125,1.0,0.0,1.0,0.0]",0,0
"[27.0,85.25,2301.75,1.0,0.0,0.0,0.0]",1,0
"(7,[0,1,2],[16.0,94.25,1508.0])",1,1
"(7,[0,1,2],[65.0,99.0999984741211,6441.5])",0,0
"[14.0,31.100000381469727,435.3999938964844,0.0,0.0,0.0,1.0]",0,0
"(7,[0,1,2],[10.0,19.5,195.0])",0,0
"(7,[0,1,2],[1.0,45.099998474121094,45.099998474121094])",1,0
"[62.0,113.94999694824219,7064.89990234375,1.0,1.0,0.0,0.0]",0,0
"[10.0,45.25,452.5,1.0,0.0,0.0,0.0]",0,0
"[4.0,95.44999694824219,381.79998779296875,1.0,0.0,0.0,0.0]",1,1
"[42.0,25.25,1060.5,1.0,1.0,0.0,0.0]",0,0
"[10.0,40.70000076293945,407.0,1.0,0.0,0.0,1.0]",0,0
"(7,[0,1,2],[23.0,106.4000015258789,2447.199951171875])",1,1
"[42.0,22.950000762939453,963.9000244140625,1.0,1.0,1.0,0.0]",0,0
"[72.0,97.69999694824219,7034.39990234375,1.0,1.0,0.0,0.0]",0,0
"[7.0,66.8499984741211,467.95001220703125,1.0,0.0,0.0,0.0]",0,0
"(7,[0,1,2],[46.0,93.69999694824219,4310.2001953125])",1,0
"(7,[0,1,2],[12.0,50.25,603.0])",1,0
"[4.0,20.5,82.0,1.0,1.0,0.0,0.0]",0,0
"[21.0,80.9000015258789,1698.9000244140625,1.0,1.0,0.0,0.0]",0,0
"[70.0,26.0,1820.0,1.0,1.0,0.0,0.0]",0,0
"[5.0,90.3499984741211,451.75,0.0,1.0,1.0,0.0]",0,1
"(7,[0,1,2],[12.0,73.30000305175781,879.5999755859375])",0,0
"[72.0,25.0,1800.0,0.0,1.0,1.0,0.0]",0,0
"[71.0,20.5,1455.5,1.0,1.0,1.0,0.0]",0,0
"(7,[0,1,2],[71.0,79.05000305175781,5612.5498046875])",0,0
"(7,[0,1,2],[69.0,19.950000762939453,1376.550048828125])",0,0
"[16.0,96.4000015258789,1542.4000244140625,1.0,0.0,0.0,0.0]",1,1
"[14.0,64.69999694824219,905.7999877929688,1.0,1.0,0.0,0.0]",1,0
"[7.0,34.650001525878906,242.5500030517578,1.0,1.0,1.0,1.0]",0,0
"[2.0,24.450000762939453,48.900001525878906,0.0,0.0,0.0,1.0]",1,0
"[56.0,93.1500015258789,5216.39990234375,0.0,1.0,0.0,0.0]",0,0
"[1.0,50.45000076293945,50.45000076293945,1.0,0.0,0.0,0.0]",1,0
"[72.0,110.44999694824219,7952.39990234375,1.0,1.0,0.0,0.0]",0,0
"[24.0,104.1500015258789,2499.60009765625,1.0,0.0,0.0,0.0]",0,1
"[9.0,50.79999923706055,457.20001220703125,0.0,0.0,0.0,1.0]",0,1
"[7.0,75.1500015258789,526.0499877929688,1.0,0.0,0.0,0.0]",0,1
"[50.0,69.75,3487.5,1.0,1.0,1.0,0.0]",0,0
"[1.0,19.649999618530273,19.649999618530273,1.0,0.0,0.0,0.0]",1,0
"[12.0,26.399999618530273,316.79998779296875,0.0,1.0,1.0,0.0]",0,0
"[72.0,78.44999694824219,5648.39990234375,1.0,1.0,0.0,0.0]",0,0
"[72.0,66.5,4788.0,0.0,1.0,1.0,0.0]",0,0
"[9.0,50.099998474121094,450.8999938964844,0.0,0.0,1.0,0.0]",0,0
"[39.0,41.099998474121094,1602.9000244140625,1.0,0.0,0.0,1.0]",0,0
"[1.0,45.0,45.0,1.0,1.0,0.0,0.0]",0,0
"[33.0,59.400001525878906,1960.199951171875,1.0,0.0,0.0,0.0]",0,0
"[25.0,95.9000015258789,2397.5,0.0,0.0,1.0,0.0]",1,0
"[72.0,84.69999694824219,6098.39990234375,1.0,0.0,0.0,0.0]",0,0
"[41.0,20.649999618530273,846.6500244140625,1.0,0.0,0.0,0.0]",0,0
"[4.0,65.5999984741211,262.3999938964844,0.0,1.0,0.0,0.0]",0,1
"[25.0,54.20000076293945,1355.0,1.0,0.0,0.0,1.0]",0,0
"(7,[0,1,2],[69.0,90.6500015258789,6254.85009765625])",0,0
"(7,[0,1,2],[22.0,101.3499984741211,2229.699951171875])",1,1
"[49.0,20.700000762939453,1014.2999877929688,1.0,1.0,0.0,0.0]",0,0
"[67.0,25.600000381469727,1715.199951171875,1.0,0.0,0.0,0.0]",0,0
"(7,[0,1,2],[4.0,76.05000305175781,304.20001220703125])",1,1
"[2.0,56.70000076293945,113.4000015258789,0.0,1.0,1.0,0.0]",1,0
"(7,[0,1,2],[57.0,18.799999237060547,1071.5999755859375])",0,0
"[57.0,99.6500015258789,5680.0498046875,1.0,1.0,0.0,0.0]",0,0
"[13.0,67.80000305175781,881.4000244140625,1.0,0.0,0.0,0.0]",0,0
"[31.0,76.05000305175781,2357.550048828125,1.0,0.0,0.0,0.0]",0,0
"(7,[0,1,2],[19.0,73.8499984741211,1403.1500244140625])",1,0
"[25.0,24.75,618.75,1.0,0.0,0.0,0.0]",1,0
"(7,[0,1,2],[3.0,77.4000015258789,232.1999969482422])",0,1
"[66.0,63.849998474121094,4214.10009765625,0.0,1.0,0.0,0.0]",0,0
"[40.0,106.0,4240.0,0.0,1.0,0.0,0.0]",0,0
"(7,[0,1,2],[17.0,19.649999618530273,334.04998779296875])",0,0
"(7,[0,1,2],[1.0,79.0999984741211,79.0999984741211])",1,1
"[8.0,75.5999984741211,604.7999877929688,1.0,0.0,0.0,0.0]",0,1
"(7,[0,1,2],[67.0,50.54999923706055,3386.85009765625])",0,0
"[38.0,20.299999237060547,771.4000244140625,1.0,1.0,1.0,0.0]",0,0
"[70.0,64.94999694824219,4546.5,0.0,0.0,1.0,0.0]",0,0
"[72.0,115.75,8334.0,0.0,1.0,1.0,0.0]",0,0
"[18.0,25.299999237060547,455.3999938964844,1.0,0.0,1.0,0.0]",0,0
"(7,[0,1,2],[3.0,73.5999984741211,220.8000030517578])",0,1
"[34.0,94.25,3204.5,1.0,1.0,0.0,0.0]",1,0
"[51.0,84.19999694824219,4294.2001953125,0.0,1.0,1.0,0.0]",1,0
"[69.0,60.04999923706055,4143.4501953125,0.0,0.0,0.0,1.0]",0,0
"[47.0,100.05000305175781,4702.35009765625,0.0,1.0,0.0,0.0]",1,0
"[2.0,54.150001525878906,108.30000305175781,1.0,0.0,0.0,0.0]",0,0
"(7,[0,1,2],[72.0,113.4000015258789,8164.7998046875])",0,0
"[36.0,92.9000015258789,3344.39990234375,1.0,1.0,1.0,0.0]",0,0
"[56.0,105.44999694824219,5905.2001953125,1.0,0.0,0.0,0.0]",0,0
"(7,[0,1,2],[1.0,51.25,51.25])",0,0
"[37.0,76.25,2821.25,1.0,0.0,0.0,0.0]",1,0
"[31.0,91.1500015258789,2825.64990234375,1.0,1.0,1.0,0.0]",1,0
"[26.0,81.9000015258789,2129.39990234375,1.0,1.0,0.0,0.0]",0,0
"[9.0,20.399999618530273,183.60000610351562,0.0,0.0,1.0,0.0]",0,0
"(7,[0,1,2],[25.0,89.5,2237.5])",1,0
"(7,[0,1,2],[1.0,20.049999237060547,20.049999237060547])",0,0
"[51.0,93.80000305175781,4783.7998046875,0.0,1.0,0.0,0.0]",1,0
"[28.0,89.9000015258789,2517.199951171875,1.0,1.0,0.0,0.0]",0,0
"[68.0,44.95000076293945,3056.60009765625,1.0,0.0,0.0,1.0]",0,0
"[63.0,99.6500015258789,6277.9501953125,1.0,1.0,1.0,0.0]",0,0
"[52.0,64.30000305175781,3343.60009765625,1.0,1.0,0.0,0.0]",0,0
"[63.0,24.649999618530273,1552.949951171875,0.0,1.0,1.0,0.0]",0,0
"[28.0,29.75,833.0,1.0,0.0,0.0,1.0]",0,0
"(7,[0,1,2],[8.0,81.25,650.0])",1,1
"[70.0,58.400001525878906,4088.0,1.0,1.0,1.0,1.0]",0,0
"[1.0,80.05000305175781,80.05000305175781,1.0,1.0,1.0,0.0]",1,1
"[72.0,110.6500015258789,7966.7998046875,1.0,1.0,0.0,0.0]",0,0
"[54.0,106.55000305175781,5753.7001953125,1.0,1.0,0.0,0.0]",1,0
"[67.0,109.4000015258789,7329.7998046875,1.0,1.0,1.0,0.0]",0,0
"[25.0,71.05000305175781,1776.25,1.0,1.0,0.0,0.0]",0,0
"[69.0,39.099998474121094,2697.89990234375,0.0,1.0,1.0,1.0]",0,0
"(7,[0,1,2],[35.0,20.600000381469727,721.0])",0,0
"[1.0,49.54999923706055,49.54999923706055,1.0,0.0,0.0,0.0]",0,0
"[39.0,35.54999923706055,1386.449951171875,0.0,0.0,0.0,1.0]",0,0
"[69.0,95.6500015258789,6599.85009765625,1.0,1.0,0.0,0.0]",0,0
"(7,[0,1,2],[51.0,94.80000305175781,4834.7998046875])",1,0
"(7,[0,1,2],[1.0,44.95000076293945,44.95000076293945])",0,0
"[41.0,104.44999694824219,4282.4501953125,1.0,1.0,0.0,0.0]",0,0
"[57.0,95.0,5415.0,1.0,1.0,1.0,0.0]",0,0
"[36.0,25.100000381469727,903.5999755859375,0.0,1.0,1.0,0.0]",0,0
"[22.0,20.75,456.5,1.0,1.0,1.0,0.0]",0,0
"[23.0,73.75,1696.25,1.0,0.0,0.0,0.0]",0,0
"[4.0,56.5,226.0,1.0,1.0,1.0,0.0]",1,0
"[11.0,78.0,858.0,0.0,0.0,1.0,0.0]",0,0
"(7,[0,1,2],[27.0,100.5,2713.5])",0,1
"[11.0,89.69999694824219,986.7000122070312,1.0,0.0,0.0,0.0]",1,1
"(7,[0,1,2],[5.0,50.349998474121094,251.75])",1,0
"(7,[0,1,2],[7.0,25.049999237060547,175.35000610351562])",0,0
"[32.0,79.30000305175781,2537.60009765625,1.0,1.0,0.0,0.0]",0,0
"[8.0,20.850000381469727,166.8000030517578,1.0,0.0,0.0,0.0]",0,0
"(7,[0,1,2],[26.0,61.54999923706055,1600.300048828125])",0,0
"(7,[0,1,2],[67.0,116.19999694824219,7785.39990234375])",1,0
"[27.0,30.75,830.25,0.0,1.0,0.0,1.0]",1,0
"[24.0,94.5999984741211,2270.39990234375,1.0,0.0,0.0,0.0]",0,0
"[69.0,26.299999237060547,1814.699951171875,1.0,1.0,0.0,0.0]",0,0
"[62.0,86.0999984741211,5338.2001953125,0.0,1.0,1.0,0.0]",0,0
"[50.0,39.45000076293945,1972.5,0.0,1.0,1.0,1.0]",0,0
"(7,[0,1,2],[47.0,100.75,4735.25])",0,0
"[54.0,111.0999984741211,5999.39990234375,1.0,0.0,0.0,0.0]",1,0
"[12.0,58.349998474121094,700.2000122070312,1.0,1.0,1.0,0.0]",0,0
"(7,[0,1,2],[1.0,20.299999237060547,20.299999237060547])",0,0
"[1.0,85.44999694824219,85.44999694824219,1.0,0.0,0.0,0.0]",1,1
"[64.0,19.700000762939453,1260.800048828125,0.0,1.0,1.0,0.0]",0,0
"[35.0,106.9000015258789,3741.5,1.0,1.0,1.0,0.0]",0,0
"[26.0,78.94999694824219,2052.699951171875,0.0,1.0,1.0,0.0]",0,0
"(7,[0,1,2],[44.0,68.8499984741211,3029.39990234375])",0,0
"(7,[0,1,2],[56.0,52.70000076293945,2951.199951171875])",0,0
"[71.0,25.0,1775.0,1.0,1.0,0.0,0.0]",0,0
"[15.0,48.849998474121094,732.75,1.0,0.0,0.0,0.0]",0,0
"[52.0,19.600000381469727,1019.2000122070312,1.0,1.0,1.0,0.0]",0,0
"[1.0,19.450000762939453,19.450000762939453,1.0,0.0,0.0,0.0]",1,0
"[24.0,24.100000381469727,578.4000244140625,0.0,1.0,1.0,0.0]",0,0
"[7.0,75.1500015258789,526.0499877929688,1.0,1.0,0.0,0.0]",1,1
"[7.0,70.75,495.25,1.0,0.0,0.0,0.0]",1,1
"[14.0,104.8499984741211,1467.9000244140625,1.0,0.0,0.0,0.0]",1,1
"[2.0,70.69999694824219,141.39999389648438,1.0,0.0,0.0,0.0]",1,1
"[72.0,65.0999984741211,4687.2001953125,0.0,1.0,1.0,1.0]",0,0
"[3.0,54.70000076293945,164.10000610351562,0.0,0.0,1.0,0.0]",1,0
"(7,[0,1,2],[10.0,70.1500015258789,701.5])",0,0
"[21.0,95.4000015258789,2003.4000244140625,1.0,0.0,0.0,0.0]",0,1
"[46.0,43.95000076293945,2021.699951171875,1.0,1.0,0.0,1.0]",0,0
"[72.0,45.25,3258.0,0.0,1.0,1.0,1.0]",0,0
"[38.0,74.94999694824219,2848.10009765625,1.0,1.0,0.0,0.0]",1,0
"[13.0,96.8499984741211,1259.050048828125,1.0,0.0,0.0,0.0]",0,1
"(7,[0,1,2],[1.0,79.94999694824219,79.94999694824219])",1,1
"[2.0,79.75,159.5,1.0,0.0,0.0,0.0]",1,1
"[60.0,110.80000305175781,6648.0,1.0,1.0,0.0,0.0]",0,0
"(7,[0,1,2],[4.0,44.79999923706055,179.1999969482422])",0,0
"[72.0,110.9000015258789,7984.7998046875,0.0,1.0,0.0,0.0]",0,0
"[43.0,109.55000305175781,4710.64990234375,1.0,1.0,0.0,0.0]",1,0
"[27.0,70.55000305175781,1904.8499755859375,0.0,1.0,0.0,0.0]",0,0
"(7,[0,1,2],[8.0,84.5,676.0])",1,1
"[33.0,80.5999984741211,2659.800048828125,1.0,1.0,0.0,0.0]",1,0
"[52.0,19.850000381469727,1032.199951171875,1.0,1.0,1.0,0.0]",0,0
"[60.0,59.849998474121094,3591.0,1.0,1.0,0.0,0.0]",0,0
"[43.0,44.150001525878906,1898.449951171875,0.0,0.0,0.0,1.0]",0,0
"[5.0,69.94999694824219,349.75,1.0,1.0,1.0,0.0]",0,0
"[12.0,80.44999694824219,965.4000244140625,0.0,1.0,0.0,0.0]",1,1
"[62.0,94.0,5828.0,1.0,0.0,0.0,0.0]",0,0
"[45.0,105.1500015258789,4731.75,1.0,1.0,1.0,0.0]",0,0
"(7,[0,1,2],[40.0,104.80000305175781,4192.0])",1,0
"[38.0,19.950000762939453,758.0999755859375,1.0,1.0,1.0,0.0]",0,0
"[72.0,25.100000381469727,1807.199951171875,0.0,1.0,1.0,0.0]",0,0
"[48.0,102.5,4920.0,1.0,0.0,0.0,0.0]",0,0
"[72.0,85.0999984741211,6127.2001953125,1.0,1.0,0.0,0.0]",0,0
"[32.0,78.9000015258789,2524.800048828125,0.0,1.0,0.0,0.0]",1,0
"[72.0,112.9000015258789,8128.7998046875,0.0,1.0,0.0,0.0]",0,0
"[8.0,60.900001525878906,487.20001220703125,0.0,1.0,0.0,0.0]",0,0
"[25.0,40.650001525878906,1016.25,0.0,0.0,1.0,1.0]",0,0
"[45.0,95.94999694824219,4317.75,0.0,1.0,1.0,0.0]",0,0
"[59.0,51.70000076293945,3050.300048828125,0.0,0.0,0.0,1.0]",0,0
"(7,[0,1,2],[13.0,70.1500015258789,911.9500122070312])",0,0
"[34.0,96.3499984741211,3275.89990234375,1.0,0.0,0.0,0.0]",0,0
"(7,[0,1,2],[27.0,81.69999694824219,2205.89990234375])",0,0
"[34.0,56.25,1912.5,1.0,0.0,0.0,1.0]",0,0
"(7,[0,1,2],[13.0,19.950000762939453,259.3500061035156])",0,0
"[69.0,19.899999618530273,1373.0999755859375,0.0,1.0,1.0,0.0]",0,0
"[24.0,19.75,474.0,0.0,1.0,0.0,0.0]",0,0
"[4.0,89.5999984741211,358.3999938964844,1.0,0.0,1.0,0.0]",1,1
"[59.0,106.75,6298.25,0.0,1.0,0.0,0.0]",1,0
"[30.0,94.4000015258789,2832.0,0.0,1.0,1.0,0.0]",1,0
"[68.0,54.45000076293945,3702.60009765625,1.0,0.0,0.0,0.0]",0,0
"[37.0,79.25,2932.25,0.0,1.0,0.0,0.0]",0,0
"[65.0,91.8499984741211,5970.25,0.0,1.0,0.0,0.0]",1,0
"[22.0,19.25,423.5,1.0,0.0,0.0,0.0]",0,0
"[68.0,103.25,7021.0,0.0,1.0,1.0,0.0]",0,0
"[1.0,19.399999618530273,19.399999618530273,1.0,1.0,1.0,0.0]",0,0
"(7,[0,1,2],[63.0,20.5,1291.5])",0,0
"[9.0,69.05000305175781,621.4500122070312,0.0,1.0,0.0,0.0]",0,1
"[6.0,49.150001525878906,294.8999938964844,0.0,1.0,1.0,0.0]",0,0
"[45.0,115.6500015258789,5204.25,1.0,0.0,0.0,0.0]",0,0
"[71.0,24.5,1739.5,0.0,1.0,0.0,0.0]",0,0
"[46.0,40.400001525878906,1858.4000244140625,0.0,1.0,0.0,1.0]",0,0
"[50.0,44.79999923706055,2240.0,0.0,1.0,1.0,0.0]",0,0
"[5.0,45.400001525878906,227.0,0.0,0.0,0.0,1.0]",0,1
"[37.0,106.75,3949.75,1.0,0.0,0.0,0.0]",1,0
"[67.0,89.55000305175781,5999.85009765625,0.0,1.0,1.0,0.0]",0,0
"[22.0,20.850000381469727,458.70001220703125,1.0,0.0,0.0,0.0]",0,0
"[1.0,73.5,73.5,1.0,0.0,0.0,0.0]",1,1
"[49.0,67.4000015258789,3302.60009765625,1.0,0.0,0.0,0.0]",0,0
"[48.0,29.899999618530273,1435.199951171875,1.0,1.0,1.0,1.0]",0,0
"[17.0,19.350000381469727,328.95001220703125,1.0,1.0,0.0,0.0]",0,0
"(7,[0,1,2],[38.0,69.5,2641.0])",0,0
"[64.0,93.4000015258789,5977.60009765625,0.0,1.0,1.0,0.0]",0,0
"[31.0,88.6500015258789,2748.14990234375,0.0,1.0,0.0,0.0]",0,0
"[72.0,92.0,6624.0,0.0,1.0,0.0,0.0]",0,0
"[22.0,80.1500015258789,1763.300048828125,1.0,1.0,1.0,0.0]",0,0
"(7,[0,1,2],[6.0,59.150001525878906,354.8999938964844])",0,0
"[64.0,85.0,5440.0,1.0,1.0,0.0,0.0]",0,0
"[39.0,103.44999694824219,4034.550048828125,1.0,0.0,0.0,0.0]",1,0
"[72.0,109.55000305175781,7887.60009765625,1.0,1.0,1.0,0.0]",0,0
"(7,[0,1,2],[1.0,69.9000015258789,69.9000015258789])",1,1
"[39.0,89.55000305175781,3492.449951171875,1.0,1.0,1.0,0.0]",1,0
"[72.0,26.100000381469727,1879.199951171875,0.0,1.0,1.0,0.0]",0,0
"[59.0,79.19999694824219,4672.7998046875,1.0,0.0,0.0,0.0]",0,0
"(7,[0,1,2],[35.0,55.0,1925.0])",1,0
"(7,[0,1,2],[19.0,86.0,1634.0])",1,0
"[34.0,67.6500015258789,2300.10009765625,1.0,0.0,1.0,0.0]",0,0
"[25.0,54.099998474121094,1352.5,1.0,1.0,0.0,0.0]",0,0
"[29.0,85.80000305175781,2488.199951171875,0.0,1.0,0.0,0.0]",0,0
"[1.0,74.30000305175781,74.30000305175781,1.0,0.0,0.0,0.0]",1,1
"[23.0,55.79999923706055,1283.4000244140625,1.0,0.0,0.0,0.0]",0,0
"[26.0,93.8499984741211,2440.10009765625,1.0,1.0,0.0,0.0]",1,0
"[59.0,106.1500015258789,6262.85009765625,1.0,1.0,1.0,0.0]",0,0
"[72.0,84.0999984741211,6055.2001953125,0.0,1.0,0.0,0.0]",0,0
"[21.0,94.30000305175781,1980.300048828125,1.0,1.0,0.0,0.0]",0,1
"[22.0,104.5999984741211,2301.199951171875,0.0,1.0,0.0,0.0]",0,1
"[46.0,55.0,2530.0,1.0,1.0,0.0,0.0]",0,0
"[68.0,99.55000305175781,6769.39990234375,0.0,1.0,1.0,0.0]",0,0
"(7,[0,1,2],[15.0,74.4000015258789,1116.0])",1,0
"[28.0,20.299999237060547,568.4000244140625,0.0,1.0,1.0,0.0]",0,0
"(7,[0,1,2],[9.0,83.8499984741211,754.6500244140625])",1,1
"[53.0,94.0,4982.0,1.0,1.0,0.0,0.0]",0,0
"(7,[0,1,2],[1.0,18.899999618530273,18.899999618530273])",0,0
"[47.0,84.94999694824219,3992.64990234375,0.0,1.0,1.0,0.0]",0,0
"[63.0,59.0,3717.0,0.0,1.0,1.0,1.0]",0,0
